signature,name,type,value_raw,value_num,unit_raw,value_normalized,unit_normalized,aliases,evidence,page,chunk_id
document_title,Document title,categorical,Natarbora Refinery And Petrochemical Complex Preliminary Environmental and Socioeconomic Impact Assessment Draft Report,0.0,,0.0,,,Document title Natarbora Refinery And Petrochemical Complex Preliminary Environmental and Socioeconomic Impact Assessment Draft Report,1,0
client_organisation,Client organisation,categorical,KBR,0.0,,0.0,,,Client organisation KBR,1,0
client_contact,Client contact,categorical,Jin Xiang Lim,0.0,,0.0,,,Client contact Jin Xiang Lim <JinXiang.Lim@kbr.com>,1,0
project_manager,Project Manager,categorical,Dr Karlheinz Spitz,0.0,,0.0,,,Project Manager Dr Karlheinz Spitz (karlheinz.spitz@greencorpllc.com),1,0
revision_history_submission_date,Revision history submission date,categorical,17/01/2025,0.0,,0.0,,,Revision 00 submitted 17/01/2025,1,0
revision_history_submission_date,Revision history submission date,categorical,7/02/2025,0.0,,0.0,,,Revision 01 submitted 7/02/2025,1,0
document_approval_date,Document approval date,categorical,8/02/2025,0.0,,0.0,,,Approved by Dr Karlheinz Spitz on 8/02/2025,1,0
document_distribution_date,Document distribution date,categorical,10/02/2025,0.0,,0.0,,,Distributed to Jin Xiang Lim on 10/02/2025,1,0
confidentiality_notification,Confidentiality notification,categorical,Confidential,0.0,,0.0,,,This document and the information in it are provided in confidence to KBR,1,0
glossary_term_bpd,Glossary term - bpd,categorical,barrels per day,0.0,,0.0,,,bpd barrels per day,1,0
glossary_term_ha,Glossary term - ha,categorical,Hectare,0.0,,0.0,,,ha Hectare,1,0
iwtp,IWTP,categorical,Industrial Wastewater Treatment Plant,0.0,,0.0,,,IWTP stands for Industrial Wastewater Treatment Plant,2,1
jica,JICA,categorical,Japan International Cooperation Agency,0.0,,0.0,,,JICA stands for Japan International Cooperation Agency,2,1
jis,JIS,categorical,Japanese Industrial Standards,0.0,,0.0,,,JIS stands for Japanese Industrial Standards,2,1
jec,JEC,categorical,Japanese Electro-technical Committee Standard,0.0,,0.0,,,JEC stands for Japanese Electro-technical Committee Standard,2,1
jem,JEM,categorical,Japan Electrical Manufacturers' Association Standard,0.0,,0.0,,,JEM stands for Japan Electrical Manufacturers' Association Standard,2,1
kbpsd,kBPSD,categorical,thousand barrels per stream day,0.0,,0.0,,,kBPSD stands for thousand barrels per stream day,2,1
kta,KTA,categorical,Kilotonnes per Annum or thousand tonnes per year,0.0,,0.0,,,KTA stands for Kilotonnes per Annum or thousand tonnes per year,2,1
ldpe,LDPE,categorical,Low Density Polyethylene,0.0,,0.0,,,LDPE stands for Low Density Polyethylene,2,1
lidar,LIDAR,categorical,Leak Detection and Repair,0.0,,0.0,,,LIDAR stands for Leak Detection and Repair,2,1
lldpe,LLDPE,categorical,Linear Low Density Polyethylene,0.0,,0.0,,,LLDPE stands for Linear Low Density Polyethylene,2,1
lng,LNG,categorical,Liquefied Natural Gas,0.0,,0.0,,,LNG stands for Liquefied Natural Gas,2,1
lpg,LPG,categorical,Liquefied Petroleum Gas,0.0,,0.0,,,LPG stands for Liquefied Petroleum Gas,2,1
lswr,LSWR,categorical,Low-Sulfur Waxy Residue,0.0,,0.0,,,LSWR stands for Low-Sulfur Waxy Residue,2,1
lulc,LULC,categorical,Land Use and Land Cover,0.0,,0.0,,,LULC stands for Land Use and Land Cover,2,1
ms,m/s,categorical,Meter per second,0.0,,0.0,,,m/s stands for Meter per second,2,1
mtbe,MTBE,categorical,Methyl tertiary butyl ether,0.0,,0.0,,,MTBE stands for Methyl tertiary butyl ether,2,1
mw,MW,categorical,Mega Watt,0.0,,0.0,,,MW stands for Mega Watt,2,1
nael,NAEL,categorical,National Agency for Environmental License,0.0,,0.0,,,NAEL stands for National Agency for Environmental License (see ANLA),2,1
nasa,NASA,categorical,National Aeronautics and Space Administration,0.0,,0.0,,,NASA stands for National Aeronautics and Space Administration,2,1
ngo,NGO,categorical,Non-Government Organization,0.0,,0.0,,,NGO stands for Non-Government Organization,2,1
nox,NOx,categorical,Nitrogen Oxides,0.0,,0.0,,,NOx stands for Nitrogen Oxides,2,1
pana,PANA,categorical,National Programme for Adaptation to Climate Changes,0.0,,0.0,,,PANA stands for National Programme for Adaptation to Climate Changes,2,1
pap,PAP,categorical,Project Affected People,0.0,,0.0,,,PAP stands for Project Affected People,2,1
pd,PD,categorical,Project Document,0.0,,0.0,,,PD stands for Project Document,2,1
pdh,PDH,categorical,Propane Dehydrogenation,0.0,,0.0,,,PDH stands for Propane Dehydrogenation,2,1
pdsi,PDSI,categorical,Palmer Drought Severity Index,0.0,,0.0,,,PDSI stands for Palmer Drought Severity Index,2,1
pghu,PGHU,categorical,Pygas Hydrotreating Unit,0.0,,0.0,,,PGHU stands for Pygas Hydrotreating Unit,2,1
pm,PM,categorical,Particulate Matter,0.0,,0.0,,,PM stands for Particulate Matter,2,1
pp,PP,categorical,Polypropylene,0.0,,0.0,,,PP stands for Polypropylene,2,1
ps,PS,categorical,Performance Standards,0.0,,0.0,,,PS stands for Performance Standards,2,1
sep,SEP,categorical,Stakeholder Engagement Plan,0.0,,0.0,,,SEP stands for Stakeholder Engagement Plan,2,1
shu,SHU,categorical,Selective Hydrogenation Unit,0.0,,0.0,,,SHU stands for Selective Hydrogenation Unit,2,1
snap,SNAP,categorical,National System of Protected Areas,0.0,,0.0,,,SNAP stands for National System of Protected Areas,2,1
soxso2,SOx/SO2,categorical,Sulfur Oxides,0.0,,0.0,,,SOx/SO2 stands for Sulfur Oxides,2,1
thu,THU,categorical,Total Hydrogenation Unit,0.0,,0.0,,,THU stands for Total Hydrogenation Unit,2,1
tor,TOR,categorical,Terms of Reference,0.0,,0.0,,,TOR stands for Terms of Reference,2,1
tpd,TPD,categorical,Tonnes Per Day,0.0,,0.0,,,TPD stands for Tonnes Per Day,2,1
tph,TPH,categorical,Tonnes Per Hour,0.0,,0.0,,,TPH stands for Tonnes Per Hour,2,1
tpy,TPY,categorical,Tonnes Per Year,0.0,,0.0,,,TPY stands for Tonnes Per Year,2,1
vec,VEC,categorical,Valued Environmental Component,0.0,,0.0,,,VEC stands for Valued Environmental Component,2,1
vocs,VOCs,categorical,Volatile Organic Compounds,0.0,,0.0,,,VOCs stands for Volatile Organic Compounds,2,1
usgs,USGS,categorical,United States Geological Survey,0.0,,0.0,,,USGS stands for United States Geological Survey,2,1
who,WHO,categorical,World Health Organization,0.0,,0.0,,,WHO stands for World Health Organization,2,1
wtp,WTP,categorical,Wastewater Treatment Plant,0.0,,0.0,,,WTP stands for Wastewater Treatment Plant,2,1
list_of_figures,List of Figures,quantity,7,7.0,,7.0,,,"""LIST OFFIGURES .....................................................................................................   | LIST OFFIGURES .....................................................................................................   | 7""",3,2
list_of_tables,List of Tables,quantity,8,8.0,,8.0,,,"""LIST OFTABLES ........................................................................................................ | LIST OFTABLES ........................................................................................................ | 8""",3,2
introduction_section,Introduction Section,quantity,9,9.0,,9.0,,,"""1. INTRODUCTION ................................................................................................       | 1. INTRODUCTION ................................................................................................       | 9""",3,2
project_description_section,Project Description Section,quantity,11,11.0,,11.0,,,"""2.                                                                                                                     | PROJECT DESCRIPTION ...................................................................................                | 11""",3,2
legal_and_regulatory_framework_section,Legal and Regulatory Framework Section,quantity,17,17.0,,17.0,,,"""3.                                                                                                                     | LEGALANDREGULATORYFRAMEWORK ...........................................................                                | 17""",3,2
environmental_baseline_conditions_section,Environmental Baseline Conditions Section,quantity,23,23.0,,23.0,,,"""4.                                                                                                                     | ENVIRONMENTAL BASELINE CONDITIONS .......................................................                              | 23""",3,2
baseline_conditions_section,Baseline Conditions Section,quantity,37,37.0,,37.0,,,"""5. 5.1                                                                                                                 | BASELINE CONDITIONS ...................................................................                                | ...................................................................... 37""",3,2
population_and_demography_section,Population and Demography Section,quantity,38,38.0,,38.0,,,"""5.2                                                                                                                    | Population and Demography .....................................................................                        | 38""",3,2
economy_and_infrastructure_section,Economy and Infrastructure Section,quantity,40,40.0,,40.0,,,"""5.3                                                                                                                    | Economy and Infrastructure ......................................................................                      | 40""",3,2
cultural_environment_section,Cultural Environment Section,quantity,41,41.0,,41.0,,,"""5.4                                                                                                                    | Cultural Environment ...............................................................................                   | 41""",3,2
stakeholder_engagement_section,Stakeholder Engagement Section,quantity,42,42.0,,42.0,,,"""6.                                                                                                                     | STAKEHOLDERENGAGEMENT .........................................................................                        | 42""",3,2
community_outreach_and_information_disclosure_section,Community Outreach and Information Disclosure Section,quantity,44,44.0,,44.0,,,"""6.2                                                                                                                    | Community Outreach and Information Disclosure ......................................                                   | 44""",3,2
consultation_and_participation_section,Consultation and Participation Section,quantity,45,45.0,,45.0,,,"""6.3                                                                                                                    | Consultation and Participation ..................................................................                      | 45""",3,2
grievance_redress_mechanism_section,Grievance Redress Mechanism Section,quantity,45,45.0,,45.0,,,"""6.4                                                                                                                    | Grievance Redress Mechanism .................................................................                          | 45""",3,2
section_71_air_resources,Section 7.1 - Air Resources,categorical,Air Resources,0.0,,0.0,,,7.1 Air Resources ...........................................................................................  | 47,5,4
section_72_land_and_soil_resources,Section 7.2 - Land and Soil Resources,categorical,Land and Soil Resources,0.0,,0.0,,,7.2 Land and Soil Resources ..........................................................................         | 50,5,4
section_73_water_resources,Section 7.3 - Water Resources,categorical,Water Resources,0.0,,0.0,,,7.3 Water Resources ......................................................................................     | 50,5,4
section_74_waste_generation,Section 7.4 - Waste Generation,categorical,Waste Generation,0.0,,0.0,,,7.4 Waste Generation                                                                                           | .................................................................................... 52,5,4
section_75_ecology_and_biodiversity,Section 7.5 - Ecology and Biodiversity,categorical,Ecology and Biodiversity,0.0,,0.0,,,7.5 Ecology and Biodiversity ...........................................................................       | 52,5,4
section_76_socioeconomic_impacts,Section 7.6 - Socioeconomic Impacts,categorical,Socioeconomic Impacts,0.0,,0.0,,,7.6 Socioeconomic Impacts ...........................................................................          | 53,5,4
section_77_sociocultural_impacts,Section 7.7 - Sociocultural Impacts,categorical,Sociocultural Impacts,0.0,,0.0,,,7.7 Sociocultural Impacts ..............................................................................       | 54,5,4
section_78_cumulative_and_residual_impacts,Section 7.8 - Cumulative and Residual Impacts,categorical,Cumulative and Residual Impacts,0.0,,0.0,,,7.8 Cumulative and Residual Impacts .............................................................              | 55,5,4
section_79_valued_environmental_components,Section 7.9 - Valued Environmental Components,categorical,Valued Environmental Components,0.0,,0.0,,,7.9 Valued Environmental Components ..........................................................                 | 55,5,4
section_710_impacts_of_environment_on_project,Section 7.10 - Impacts of Environment on Project,categorical,Impacts of Environment on Project,0.0,,0.0,,,7.10 Impacts of Environment on Project ........................................................                 | 56,5,4
section_81_air_quality_management_and_mitigation,Section 8.1 - Air Quality Management and Mitigation,categorical,Air Quality Management and Mitigation,0.0,,0.0,,,8.1 Air Quality Management and Mitigation ......................................................               | 57,5,4
section_82_water_pollution,Section 8.2 - Water Pollution,categorical,Water Pollution,0.0,,0.0,,,8.2 Water Pollution                                                                                            | ........................................................................................ 57,5,4
section_83_waste_management,Section 8.3 - Waste Management,categorical,Waste Management,0.0,,0.0,,,8.3 Waste Management .................................................................................         | 58,5,4
section_84_biodiversity_impact_management_and_mitigation,Section 8.4 - Biodiversity Impact Management and Mitigation,categorical,Biodiversity Impact Management and Mitigation,0.0,,0.0,,,8.4 Biodiversity Impact Management and Mitigation .........................................                    | 58,5,4
section_85_socioeconomic_and_sociocultural_impact_management,Section 8.5 - Socioeconomic and Sociocultural Impact Management,categorical,Socioeconomic and Sociocultural Impact Management,0.0,,0.0,,,8.5 Socioeconomic and Sociocultural Impact Management .............................                            | 59,5,4
section_86_residual_and_cumulative_impact_management,Section 8.6 - Residual and Cumulative Impact Management,categorical,Residual and Cumulative Impact Management,0.0,,0.0,,,8.6 Residual and Cumulative Impact Management ..........................................                       | 60,5,4
section_87_enhancing_benefits,Section 8.7 - Enhancing Benefits,categorical,Enhancing Benefits,0.0,,0.0,,,8.7 Enhancing Benefits                                                                                         | .................................................................................. 61,5,4
section_9_alternatives_analysis,Section 9 - Alternatives Analysis,categorical,Alternatives Analysis,0.0,,0.0,,,9. ALTERNATIVES ANALYSIS .................................................................................,5,4
section_10_conclusions_and_recommendations,Section 10 - Conclusions and Recommendations,categorical,Conclusions and Recommendations,0.0,,0.0,,,10. CONCLUSIONSANDRECOMMENDATIONS ...................................................                          | 65,5,4
appendix_project_photographs,Appendix - Project Photographs,categorical,Project Photographs,0.0,,0.0,,,APPENDIX: PROJECTPHOTOGRAPHS ......................................................................        | 67,5,4
project_location,Project location,categorical,"Natarbora Energy Complex, Viqueque, Timor Leste",0.0,,0.0,,,"Natarbora Energy Complex, Viqueque, Timor Leste",7,6
oil_refinery_process,Oil Refinery Process,categorical,Oil Refinery Process,0.0,,0.0,,,Oil Refinery Process,7,6
environmental_bureau_organization_chart,Environmental Bureau Organization Chart,categorical,Organization Chart of Environment Bureau,0.0,,0.0,,,Organization Chart of Environment Bureau,7,6
environmental_licensing_procedure,Environmental Licensing Procedure,categorical,Procedure for Environmental Licensing,0.0,,0.0,,,Procedure for Environmental Licensing,7,6
temperature_data_period,Temperature data period,categorical,1958 - 2023,0.0,,0.0,,,"Temperatures at Natarbora Region, 1958 - 2023",7,6
monthly_temperature_variability_data_period,Monthly Temperature Variability data period,categorical,1958-2023,0.0,,0.0,,,"Natarbora Region Monthly Temperature Variability, 1958-2023",7,6
average_monthly_rainfall_data_period,Average Monthly Rainfall data period,categorical,1958-2023,0.0,,0.0,,,"Natarbora Region Average Monthly Rainfall, 1958-2023",7,6
daily_rainfall_data_period,Daily Rainfall data period,categorical,1958-2023,0.0,,0.0,,,"Natarbora Daily Rainfall, 1958-2023",7,6
wind_rose_data_period,Wind Rose data period,categorical,1960 - 2024,0.0,,0.0,,,"Natarbora Wind Rose, Dry Season (April-November) and Wet Season (December-March)",7,6
cyclone_tracks_data_period,Cyclone tracks data period,categorical,1900 - present,0.0,,0.0,,,Cyclone tracks and frequency over the period 1900 - present.,7,6
wildfire_occurrences_source,Wildfire Occurrences source,categorical,FIRMS,0.0,,0.0,,,Wildfire Occurrences (Source: FIRMS),7,6
topography_source,Topography source,categorical,Timor Leste Topography,0.0,,0.0,,,Timor Leste Topography,7,6
landslide_source,Landslide source,categorical,World Bank - The Global Landslide Hazard Map 2020,0.0,,0.0,,,Rainfall triggered landslides (Source: World Bank - The Global Landslide Hazard Map2020).,7,6
geology_source,Geology source,categorical,commons.wikimedia.org,0.0,,0.0,,,Geology at Project Location (Source: commons.wikimedia.org/wiki/File: Timor Leste_Geological_map_of_zone_C.png),7,6
drainage_basin_and_watercourses,Drainage Basin and Watercourses,categorical,Project Region Drainage Basin and Watercourses,0.0,,0.0,,,Project Region Drainage Basin and Watercourses,7,6
groundwater_fields_and_yield_source,Groundwater fields and yield source,categorical,Timor Leste,0.0,,0.0,,,Potential groundwater fields and yield in Timor Leste,7,6
land_use_and_land_cover_source,Land Use and Land Cover source,categorical,ESRI 2023,0.0,,0.0,,,Land Use and Land Cover at Natarbora Project Site and Vicinity (Source: ESRI 2023),7,6
nearest_coral_reefs_distance,Nearest Coral Reefs distance,quantity,40,40.0,km,40.0,km,,Nearest Coral Reefs are 40 km East and West of the Project,7,6
population_pyramid_data_year,Population Pyramid data year,categorical,2020,0.0,,0.0,,,"Population Pyramid of Timor-Leste, 2020",7,6
location_of_natarbora_refinery_and_petrochemical_complex,Location of Natarbora Refinery and Petrochemical Complex,categorical,"Natarbora, Timor Leste",0.0,,0.0,,,"The Natarbora Refinery and Petrochemical Complex is a planned industrial facility to be located in Natarbora, Timor Leste",8,7
distance_from_beaco,Distance from Beaço,quantity,60,60.0,km,60.0,km,,The complex is to be about 60 km west of Beaço on Timor-Leste's south coast,8,7
distance_from_dili,Distance from Dili,quantity,75,75.0,km,75.0,km,,The complex is to be about 75 km southeast of Dili,8,7
components_of_the_natarbora_complex,Components of the Natarbora Complex,categorical,"Marine Facility/Seaport, Refinery and Petrochemical Complex, LNG Plant",0.0,,0.0,,,"The Natarbora Refinery and Petrochemical Complex, designed as a self-sustainable integrated facility, is part of a larger complex comprising three main areas: Marine Facility/Seaport, Refinery and Petrochemical Complex, LNG Plant with supplementary gas processing.",8,7
assessment_coverage,Assessment Coverage,categorical,Preliminary ESIA does not cover LNG or Seaport,0.0,,0.0,,,"Although this Preliminary ESIA does not cover the LNG or Seaport, it is important to recognize that assessing risks and impacts is challenging without considering these closely linked facilities",8,7
objectives_of_preliminary_esia,Objectives of Preliminary ESIA,categorical,Evaluate environmental and social implications,0.0,,0.0,,,This Preliminary Environmental and Socioeconomic Impact Assessment is compiled to evaluate the environmental and social implications of the proposed Natarbora Refinery and Petrochemical Complex.,8,7
initial_production_capacity,Initial production capacity,quantity,"30,000",30000.0,barrels per day,30000.0,barrels per day,,"""an initial production capacity based on a feedstock input of 30,000 barrels per day (bpd)""",9,8
stage_2_production_capacity,Stage 2 production capacity,quantity,"60,000",60000.0,barrels per day,60000.0,barrels per day,,"""followed by expansion to 60,000 bpd in Stage 2""",9,8
stage_3_production_capacity,Stage 3 production capacity,quantity,"100,000",100000.0,barrels per day,100000.0,barrels per day,,"""ultimately reaching 100,000 bpd in Stage 3""",9,8
capacity_units,Capacity units,categorical,kBPSD and TPD,0.0,,0.0,,,"""capacity units are in thousand barrels per stream day (kBPSD) and tonnes per day (TPD)""",9,8
crude_distillation_capacity,Crude Distillation Capacity,quantity,20,20.0,kBPSD,20.0,kBPSD,,"Primary unit used to separate crude oil through heating into different fractions or cuts like naphtha, kerosene, diesel, and residual oils.",10,9
naphtha_hydrotreater_capacity,Naphtha Hydrotreater Capacity,quantity,15,15.0,kBPSD,15.0,kBPSD,,"Removes impurities such as sulfur, nitrogen, and metals from naphtha feedstocks to produce cleaner products and meet environmental standards.",10,9
diesel_hydrotreater_capacity,Diesel Hydrotreater Capacity,quantity,6,6.0,kBPSD,6.0,kBPSD,,"Removes impurities such as sulfur, nitrogen, and metals from diesel feedstocks to produce cleaner products and meet environmental standards.",10,9
semi_regenerative_reformer_capacity,Semi Regenerative Reformer Capacity,quantity,9,9.0,kBPSD,9.0,kBPSD,,"Converts naphtha into high-octane reformate, rich in aromatics and hydrogen, through catalytic reforming, with periodic catalyst regeneration to maintain efficiency and yield.",10,9
light_naphtha_isomerization_capacity,Light Naphtha Isomerization Capacity,quantity,6,6.0,kBPSD,6.0,kBPSD,,"Converts straight-chain hydrocarbons into branched-chain hydrocarbons, to increase the octane number of fuels without altering molecular weight significantly.",10,9
sulfur_recovery_capacity,Sulfur Recovery Capacity,quantity,1,1.0,TPD,1.0,TPD,,"Converts hydrogen sulfide and other sulfur compounds from gas streams into elemental sulfur, helping to reduce sulfur emissions and comply with environmental regulations.",10,9
lpg_sweetening_capacity,LPG Sweetening Capacity,quantity,1.2,1.2,kBPSD,1.2,kBPSD,,"Removes or neutralizes mercaptans and other sulfur compounds from Liquefied Petroleum Gas, enhancing its odor and meeting product quality specifications.",10,9
kerosene_sweetening_capacity,Kerosene Sweetening Capacity,quantity,2,2.0,kBPSD,2.0,kBPSD,,Optional,10,9
petrochemical_processing_facility_capacity,Petrochemical Processing Facility Capacity,quantity,Listed in KTA or thousand tonnes per year,0.0,KTA,0.0,KTA,,The petrochemical processing facility capacity are listed below in KTA or thousand tonnes per year.,10,9
steam_cracker_capacity,Steam Cracker Capacity,quantity,1000 KTA,1000.0,KTA,1000.0,KTA,,Steam Cracker 1000 KTA,11,10
propane_dehydrogenation_pdh_capacity,Propane Dehydrogenation (PDH) Capacity,quantity,500 KTA,500.0,KTA,500.0,KTA,,Propane Dehydrogenation (PDH) 500 KTA,11,10
high_density_polyethylene_hdpe_linear_low_density_polyethylene_lldpe_capacity,High Density Polyethylene (HDPE) / Linear Low-Density Polyethylene (LLDPE) Capacity,quantity,1000 KTA,1000.0,KTA,1000.0,KTA,,High Density Polyethylene (HDPE) / Linear Low-Density Polyethylene (LLDPE) 2x 500 KTA,11,10
low_density_polyethylene_ldpe_capacity,Low Density Polyethylene (LDPE) Capacity,quantity,400 KTA,400.0,KTA,400.0,KTA,,Low Density Polyethylene (LDPE) 400 KTA,11,10
polypropylene_pp_capacity,Polypropylene (PP) Capacity,quantity,500 KTA,500.0,KTA,500.0,KTA,,Polypropylene (PP) 500 KTA,11,10
c4shu_selective_hydrogenation_unit_capacity,C4SHU Selective Hydrogenation Unit Capacity,quantity,240 KTA,240.0,KTA,240.0,KTA,,C4SHU Selective Hydrogenation Unit 240 KTA,11,10
mtbe_capacity,MTBE Capacity,quantity,64 KTA,64.0,KTA,64.0,KTA,,MTBE 64 KTA,11,10
butene_1_capacity,Butene-1 Capacity,quantity,59 KTA,59.0,KTA,59.0,KTA,,Butene-1 59 KTA,11,10
c4c5_thu_total_hydrogenation_unit_capacity,C4/C5 THU Total Hydrogenation Unit Capacity,quantity,175 KTA,175.0,KTA,175.0,KTA,,C4/C5 THUTotal Hydrogenation Unit 175 KTA,11,10
pygas_hydrotreating_unit_pghu_capacity,Pygas Hydrotreating Unit (PGHU) Capacity,quantity,116 KTA,116.0,KTA,116.0,KTA,,Pygas Hydrotreating Unit (PGHU) 116 KTA,11,10
c6_c9_hydrodealkylation_unit_hda_capacity,C6-C9 Hydrodealkylation Unit (HDA) Capacity,quantity,73 KTA,73.0,KTA,73.0,KTA,,C6-C9 Hydrodealkylation Unit (HDA) 73 KTA,11,10
benzene_extraction_unit_beu_capacity,Benzene Extraction Unit (BEU) Capacity,quantity,56 KTA,56.0,KTA,56.0,KTA,,Benzene Extraction Unit (BEU) 56 KTA,11,10
maximum_net_energy_consumption,Maximum Net Energy Consumption,quantity,"3,032,226 Gcal/yr",3032226.0,Gcal/yr,3032226.0,Gcal/yr,,"The maximum case net energy consumption is estimated to be 3,032,226 Gigacalories per year (Gcal/yr).",11,10
makeup_water_requirement,Makeup Water Requirement,quantity,"1,000 tonnes per hour",1000.0,TPH,1000.0,TPH,,"Approximately 1,000 tonnes per hour (TPH) of makeup water will be required to operate the refinery-petrochemical facilities.",11,10
freshwater_consumption,Freshwater Consumption,quantity,8 million cubic meters,8000000.0,cubic meters,8000000.0,cubic meters,,"If the facilities operate continuously for a total 8,000 hours in a year, that represents 8 million cubic meters of freshwater consumption.",11,10
sea_water_cooling_system_duty_load,Sea Water Cooling System Duty Load,quantity,620 MW,620.0,MW,620.0,MW,,The sea water cooling system duty load is 620 MW.,11,10
sea_water_requirement,Sea Water Requirement,quantity,"107,000 cubic meters per hour",107000.0,m3/hr,107000.0,m3/hr,,"The sea water cooling system duty load is assumed as requiring up to 107,000 cubic meters per hour (m3/hr).",11,10
maximum_sea_water_temperature_rise,Maximum Sea Water Temperature Rise,quantity,5°C,5.0,°C,5.0,degC,,with a maximum sea water temperature rise of 5°C within the mixing zone.,11,10
air_pollutants,Air pollutants,categorical,"sulfur oxides (SOx/SO₂), nitrogen oxides (NOx), volatile organic compounds (VOCs), particulate matter (PM), carbon dioxide (CO₂), carbon monoxide (CO)",0.0,,0.0,,,"Air Emissions include pollutants such as sulfur oxides (SOx/SO₂), nitrogen oxides (NOx), volatile organic compounds (VOCs), and particulate matter (PM).",12,11
maximum_daytime_sound_level,Maximum daytime sound level,quantity,70,70.0,dB(A),70.0,dB(A),,"Typically, this is 70 dB(A) Leq (i.e., 70 dB(A) equivalent continuous sound level).",12,11
greenhouse_gas_emissions,Greenhouse gas emissions,quantity,2.072 million,2072000.0,tonnes per year,2072000.0,tonnes per year,,"Releases of carbon dioxide (CO₂) and methane (CH₄) from the complex, in tonnes of carbon dioxide equivalent (CO₂-Eq), are estimated at 2.072 million tonnes per year (TPY).",12,11
refinery_emissions,Refinery emissions,quantity,"300,000",300000.0,tonnes per year,300000.0,tonnes per year,,"Refinery 300, 000 TPY.",12,11
petrochemicals_emissions,Petrochemicals emissions,quantity,"1,772,000",1772000.0,tonnes per year,1772000.0,tonnes per year,,"Petrochemicals 1,772,000 TPY.",12,11
distance_from_aubeon_village,Distance from Aubeon Village,quantity,1,1.0,kilometer,1.0,kilometer,,An initial site assessment reveals that the refinery will be located approximately one kilometer from Aubeon Village.,12,11
waste_management,Waste management,categorical,hazardous waste,0.0,,0.0,,,Contaminated soil and absorbent materials will be handled as hazardous waste.,12,11
effluent_treatment,Effluent treatment,categorical,industrial wastewater treatment plant (IWTP),0.0,,0.0,,,"All wastewaters contaminated with hydrocarbons, metals, and other elements and compounds, prior to discharge into surface water bodies, will be treated in an industrial wastewater treatment plant (IWTP) designed to international standards.",12,11
biodiversity_impact,Biodiversity impact,categorical,local ecosystems,0.0,,0.0,,,"The site development plans will disturb local ecosystems, with likely the greater effects due to the LNG complex and seaport adjacent to the north.",12,11
project_site_area_for_main_facilities,Project site area for main facilities,quantity,"1,050",1050.0,hectares,1050.0,ha,,"The overall Project site encompasses approximately 1,050 hectares for main facilities",13,12
additional_area_for_offices_and_services,Additional area for offices and services,quantity,100,100.0,hectares,100.0,ha,,an additional 100 hectares allocated for offices and services,13,12
area_designated_for_new_village_residential_development,Area designated for 'New Village' residential development,quantity,292,292.0,hectares,292.0,ha,,A separate area of 292 hectares has been designated for a 'New Village' residential development,13,12
estimated_construction_phase_duration,Estimated construction phase duration,quantity,6,6.0,years,6.0,years,,The construction phase is estimated at 6 years,13,12
project_category_classification,Project category classification,categorical,IFC Category A,0.0,,0.0,,,Greencorp concurs that the Project should be classified as an IFC Category A project,13,12
expected_environmental_impacts_containment,Expected environmental impacts containment,categorical,Limited to project site and immediate vicinity,0.0,,0.0,,,"The scale and scope of potential environmental and social impacts are limited, with the facility's design incorporating measures to minimize emissions, effluents, and discharges",13,12
continuous_gas_flaring_during_operations,Continuous gas flaring during operations,categorical,Not planned,0.0,,0.0,,,"Notably, no continuous gas flaring is planned during operations",13,12
environmental_basic_law,Environmental Basic Law,categorical,Decree Law No. 26 of 2012,0.0,,0.0,,,"The Natarbora Project environmental compliance framework is primarily governed by Timor-Leste's Environment Basic Law, known as Decree Law No. 26 of 2012.",14,13
legal_authorization_for_environmental_basic_legislation,Legal Authorization for Environmental Basic Legislation,categorical,Law No. 3 of 2012,0.0,,0.0,,,This decree in lieu of legislation implements Law No. 3 of 2012 on Legal Authorization for Environmental Basic Legislation (13 January 2012).,14,13
category_a_projects_requirement,Category A Projects requirement,categorical,Environmental Impact Statement and Environmental Management Plan,0.0,,0.0,,,Category A Projects require an Environmental Impact Statement and Environmental Management Plan.,14,13
category_b_and_c_projects_requirement,Category B and C Projects requirement,categorical,Initial Environmental Examination and Environmental Management Plan,0.0,,0.0,,,"Categories B and C Projects require an Initial Environmental Examination, 'when applicable,' and an Environmental Management Plan.",14,13
sensitive_ecosystems_classification,Sensitive ecosystems classification,categorical,Category A,0.0,,0.0,,,All projects affecting sensitive ecosystems including mangroves are Category A.,14,13
ministerial_decision_no_442017,Ministerial Decision No. 44/2017,categorical,Regulation on Impact and Benefits Agreement,0.0,,0.0,,,Supporting regulations include: Ministerial Decision No. 44/2017 Regulation on Impact and Benefits Agreement (Environmental Impact and Compensation Agreement for Category A Projects).,14,13
ministerial_decision_no_45_of_2017,Ministerial Decision No. 45 of 2017,categorical,Regulation on Statute and Rules of Procedure for Evaluation Committee,0.0,,0.0,,,Ministerial Decision No. 45 of 2017 Regulation on Statute and Rules of Procedure for Evaluation Committee for Management of Environmental Assessment Process for Category A Projects.,14,13
ministerial_decision_no_46_of_2017,Ministerial Decision No. 46 of 2017,categorical,Regulation on Detailed Requirements for Screening,0.0,,0.0,,,"Ministerial Decision No. 46 of 2017 Regulation on Detailed Requirements for Screening, Definition of Scope and Terms of Reference of Environmental Impact Assessment and Environmental Management Plans for Environmental Evaluation.",14,13
ministerial_decision_no_47_of_2017,Ministerial Decision No. 47 of 2017,categorical,Regulation on Procedures for Public Consultation,0.0,,0.0,,,Ministerial Decision No. 47 of 2017 Regulation on Procedures for Public Consultation and Requirements during Process of Environmental Assessment.,14,13
environmental_licensing_system,Environmental Licensing System,categorical,Decree-Law No. 5/2011,0.0,,0.0,,,"Decree-Law No. 5/2011 on Environmental Licensing System (04 February 2011 rev, 8 June 2022).",14,13
national_environmental_licensing_agency,National Environmental Licensing Agency,categorical,Agencia Nacional de Licensiamento Ambiental (ANLA),0.0,,0.0,,,"Under Decree-Law No. 5/2011, environmental permits for projects in Timor-Leste are under the jurisdiction of the National Environmental Licensing Agency (Agencia Nacional de Licensiamento Ambiental), ANLA.",14,13
establishment_of_anla,Establishment of ANLA,categorical,Decree-Law No. 15/2019,0.0,,0.0,,,ANLA was established by Decree-Law No. 15/2019 as a division of the Secretary of State for Environment.,14,13
maximum_review_period,Maximum review period,quantity,50,50.0,days,50.0,days,,Max. 50 days for review,15,14
number_of_terrestrial_and_marine_protected_areas,Number of Terrestrial and Marine Protected Areas,quantity,46,46.0,areas,46.0,areas,,The Annex established 46 Terrestrial and Marine Protected Areas.,15,14
decree_law_no_for_urban_solid_waste_management_system,Decree-Law No. for Urban Solid Waste Management System,categorical,2/2017,0.0,,0.0,,,Decree-Law No. 2/2017 Approving Urban Solid Waste Management System.,15,14
decree_law_no_for_biodiversity_protection_and_conservation,Decree-Law No. for Biodiversity Protection and Conservation,categorical,6/2020,0.0,,0.0,,,Decree-Law No. 6/2020 Legal Framework for Biodiversity Protection and Conservation in Timor-Leste.,15,14
decree_law_no_for_national_development_programme_for_rural_villages,Decree-Law No. for National Development Programme for Rural Villages,categorical,08/2013,0.0,,0.0,,,Decree-Law No. 08/2013 on National Development Programme for Rural Villages 'Sucos'.,15,14
joint_ministerial_order_no_for_regulation_on_powers_of_municipal_authorities,Joint Ministerial Order No. for Regulation on Powers of Municipal Authorities,categorical,43/2017,0.0,,0.0,,,Joint Ministerial Order No. 43/2017 approving Regulation on Powers of Municipal Authorities and Municipal Administrations in Fields of Water and Sanitation.,15,14
adoption_of_international_finance_corporation_performance_standards,Adoption of International Finance Corporation Performance Standards,categorical,IFC Performance Standards,0.0,,0.0,,,The Project for developing the Oil Refinery and Petrochemical complex has adopted the International Finance Corporation (IFC) Performance Standards (PS).,15,14
adoption_of_environmental_health_and_safety_guidelines,"Adoption of Environmental, Health, and Safety Guidelines",categorical,EHS Guidelines,0.0,,0.0,,,"The Project for developing the Oil Refinery and Petrochemical complex has adopted the Environmental, Health, and Safety (EHS) Guidelines.",15,14
air_emission_limits_for_combustion_sources,Air emission limits for combustion sources,quantity,50,50.0,MWth,50.0,MWth,,The Project's air emission limits for exhaust emissions of combustion source emissions with a capacity of up to 50 MWth are to comply with IFC General EHS Guidelines.,16,15
health_and_safety_framework,Health and safety framework,categorical,IFC EHS Guidelines for Petroleum Refining,0.0,,0.0,,,The Project's health and safety framework is primarily governed by the IFC EHS Guidelines for Petroleum Refining.,16,15
hazardous_area_classification_standards,Hazardous area classification standards,categorical,American Petroleum Institute Recommended Practice (API RP 500),0.0,,0.0,,,Classification of hazardous areas within the site follows American Petroleum Institute Recommended Practice (API RP 500) standards.,16,15
equipment_certification_standards,Equipment certification standards,categorical,IEC 60079-11:2023,0.0,,0.0,,,specific requirements for explosion-proof equipment certified by RIIS (IEC 60079-11:2023) or other internationally recognized authorities.,16,15
climate_influence,Climate influence,categorical,Asian tropical monsoon system,0.0,,0.0,,,The climate of Timor-Leste is predominantly influenced by the Asian tropical monsoon system.,16,15
wet_season_duration,Wet season duration,quantity,December to May,0.0,,0.0,,,"The wet season, spanning December to May, with peak rainfall typically occurring in January, February, or March.",16,15
dry_season_duration,Dry season duration,quantity,June to November,0.0,,0.0,,,"The dry season, from June to November, with September and October being the driest months.",16,15
temperature_variability,Temperature variability,categorical,Less variable,0.0,,0.0,,,"Temperatures are much less variable than rainfall, though obviously also lower at higher elevations than near sea level.",16,15
temperature_data_range,Temperature data range,quantity,1958 to 2023,0.0,,0.0,,,Figure 4-1 graphs average maximum and minimum monthly temperatures at Natabora from 1958 to 2023.,16,15
maximum_monthly_temperature_range,Maximum monthly temperature range,quantity,30 to 32,31.0,°C,31.0,degC,,Average maximum monthly temperatures generally range between 30°C and 32°C.,17,16
minimum_monthly_temperature_range,Minimum monthly temperature range,quantity,20 to 23,21.5,°C,21.5,degC,,Average minimums between 20°C and 23°C.,17,16
temperature_difference,Temperature difference,quantity,8 to 10,9.0,°C,9.0,degC,,There is a consistent difference of approximately 8-10°C between the average maximum and minimum monthly temperatures.,17,16
who_heat_stress_threshold,WHO heat stress threshold,quantity,35,35.0,°C,35.0,degC,,The World Health Organisation (WHO) heat stress threshold of 35°C lies beyond the range of maximum temperatures ever observed.,17,16
minimum_annual_rainfall,Minimum annual rainfall,quantity,740,740.0,mm,0.00074,km,,"Recent data show widely variable total annual rainfall can range from a minimum around 740 mm to a maximum up to around 2,300 mm.",17,16
maximum_annual_rainfall,Maximum annual rainfall,quantity,2300,2300.0,mm,0.0023,km,,"Recent data show widely variable total annual rainfall can range from a minimum around 740 mm to a maximum up to around 2,300 mm.",17,16
average_annual_rainfall_in_natarbora,Average annual rainfall in Natarbora,quantity,740 to 900,820.0,mm,0.00082,km,,Natarbora receives annual average rainfall between 740 to 900 mm.,17,16
high_daily_rainfall_event,High daily rainfall event,quantity,140,140.0,mm,0.00014,km,,High daily rainfall events occur relatively infrequently but can reach up to 140 mm.,17,16
pdsi_trend_from_1958_to_2023,PDSI trend from 1958 to 2023,categorical,No significant trend,0.0,,0.0,,,Analysis of available climatic data...indicated there is no statistically significant long-term trend in drought severity over the period 1958 to 2023.,17,16
period_of_moderate_to_severe_drought,Period of moderate to severe drought,categorical,Mid-1960s,0.0,,0.0,,,"There were several periods of drought, notably with the mid-1960s being a period of moderate to severe drought.",17,16
extremely_wet_period,Extremely wet period,categorical,Early 1970s,0.0,,0.0,,,The early 1970s were an extremely wet period.,17,16
increased_variability_after_2000,Increased variability after 2000,categorical,Increased variability,0.0,,0.0,,,"After 2000, data indicate an increased variability compared to earlier years.",17,16
dry_season_wind_direction,Dry season wind direction,categorical,south-southeast and south,0.0,,0.0,,,"""During the dry season in Natarbora (April to November), the wind rose indicates a strong prevailing wind pattern from the south-southeast and south""",18,17
wet_season_wind_direction,Wet season wind direction,categorical,west and west-northwest,0.0,,0.0,,,"""During the wet season in Natarbora (December to March), the wind rose shows a prevailing wind pattern from the west and west-northwest""",18,17
wind_speed_exceeding,Wind speed exceeding,quantity,12,12.0,m/s,12.0,m/s,,"""occasional occurrences of stronger winds, including some unusual instances of winds exceeding 12 m/s""",18,17
number_of_cyclones_within_100_km,Number of cyclones within 100 km,quantity,8,8.0,,8.0,,,"""only 8 cyclones passed within 100 km to the site""",18,17
area_of_timor_leste,Area of Timor-Leste,quantity,15000,15000.0,km²,1500000.0,ha,,"""covering approximately 15,000 km²""",18,17
percentage_of_land_with_slope_greater_than_40,Percentage of land with slope greater than 40%,quantity,44,44.0,%,44.0,%,,"""about 44% of the land having a slope greater than 40%""",18,17
height_of_mount_ramelau,Height of Mount Ramelau,quantity,2963,2963.0,meters,2963.0,meters,,"""with Mount Ramelau being the highest at 2,963 meters""",18,17
mean_elevation_of_timor_leste,Mean elevation of Timor-Leste,quantity,470,470.0,meters,470.0,meters,,"""The mean elevation is 470 meters""",18,17
width_of_timor_leste,Width of Timor-Leste,quantity,75 to 100,0.0,km,0.0,km,,"""Timor-Leste's width north to south ranges from 75 to 100 km""",18,17
cyclone_frequency_trend,Cyclone frequency trend,categorical,increased slightly but consistently,0.0,,0.0,,,"""Data suggest that the cyclone frequency has increased slightly but consistently in the project area over the last century""",18,17
peak_wildfire_occurrences,Peak wildfire occurrences,categorical,October,0.0,,0.0,,,"""Fires reach their peak in October and are largely absent from January to March""",18,17
thickness_of_sediment_unit,Thickness of sediment unit,quantity,600,600.0,meters,600.0,meters,,The thickness of the unit is reported up to 600 m.,19,18
distance_to_rib_sahen_river,Distance to Rib Sahen river,quantity,3,3.0,kilometers,3.0,kilometers,,"The Rib Sahen, a major river, flows to the coast less than 3 kilometers southwest of the site.",19,18
groundwater_reliance_during_dry_season,Groundwater reliance during dry season,categorical,critical resource,0.0,,0.0,,,Groundwater is a critical resource in Timor-Leste.,19,18
agricultural_activities_in_local_communities,Agricultural activities in local communities,categorical,"fishing, farming, livestock",0.0,,0.0,,,"Local communities are small and primarily engaged in fishing at artisanal-subsistence scale, as well as (and likely often combined with) farming (mostly maize/corn) and livestock.",19,18
transition_of_project_area,Transition of project area,categorical,from natural and semi-natural rural conditions to planned development,0.0,,0.0,,,The area is currently undergoing transition from natural and semi-natural rural conditions to planned development.,19,18
requirement_for_vegetation_clearing,Requirement for vegetation clearing,categorical,to support refinery development,0.0,,0.0,,,Vegetation clearing will be required in places to support the refinery development.,19,18
coastal_feature_at_project_site,Coastal feature at project site,categorical,mangrove forests,0.0,,0.0,,,The coastline at the Project site is dominated by extensive mangrove forests.,19,18
ecological_services_provided_by_mangroves,Ecological services provided by mangroves,categorical,"coastal protection, fisheries support, carbon sequestration",0.0,,0.0,,,"As mangroves provide crucial ecological services of coastal protection, fisheries support, and carbon sequestration.",19,18
project_area_mangrove_contribution,Project area mangrove contribution,quantity,one tenth,0.1,fraction,0.1,fraction,,It counts for about one tenth of the total mangrove areas of Timor Leste.,20,19
nearest_coral_reefs_distance,Nearest coral reefs distance,quantity,30,30.0,kilometers,30.0,kilometers,,The nearest coral reefs are about 30 km distant from the site.,20,19
discovery_of_new_species,Discovery of new species,categorical,Timor Ground Snake,0.0,,0.0,,,"A recent example highlighting this biodiversity is the discovery of a new species, the Timor Ground Snake (Stegonotus nancuro), identified in 2021.",20,19
location_of_new_species_discovery,Location of new species discovery,quantity,6.5,6.5,kilometers,6.5,kilometers,,"identified in 2021, approximately 6.5 kilometers south of Natarbora.",20,19
endangered_species_present,Endangered species present,categorical,Timor Green-pigeon,0.0,,0.0,,,including the Endangered Timor Green-pigeon.,20,19
endangered_species_present,Endangered species present,categorical,Wetar Ground Dove,0.0,,0.0,,,including the Endangered Wetar Ground Dove.,20,19
endangered_species_present,Endangered species present,categorical,Sulphur-crested Cockatoo,0.0,,0.0,,,including the Critically Endangered Sulphur-crested Cockatoo.,20,19
endangered_species_present,Endangered species present,categorical,Large Flying-fox,0.0,,0.0,,,including the Endangered Large Flying-fox.,20,19
endangered_species_present,Endangered species present,categorical,long-tailed Macaque,0.0,,0.0,,,including the Endangered long-tailed Macaque.,20,19
endangered_species_present,Endangered species present,categorical,Southeast Asian Box Turtle,0.0,,0.0,,,including the Endangered Southeast Asian Box Turtle.,20,19
critically_endangered_species_present,Critically Endangered species present,categorical,Hawksbill Seaturtle,0.0,,0.0,,,The Critically Endangered Hawksbill Seaturtle may nest on the sandy beach.,20,19
endangered_migratory_species_present,Endangered migratory species present,categorical,Siberian Sandplover,0.0,,0.0,,,the Endangered Siberian Sandplover may use the coastal habitat during migration and wintering.,20,19
endangered_migratory_species_present,Endangered migratory species present,categorical,Far Eastern Curlew,0.0,,0.0,,,the Endangered Far Eastern Curlew may use the coastal habitat during migration and wintering.,20,19
marine_biodiversity,Marine biodiversity,categorical,Coral Triangle,0.0,,0.0,,,"The Timor Sea, located within the Coral Triangle, is known for its exceptional marine biodiversity.",20,19
migratory_species_in_open_waters,Migratory species in open waters,categorical,tuna,0.0,,0.0,,,"The open waters off the southern coast support migratory species, including tuna.",20,19
migratory_species_in_open_waters,Migratory species in open waters,categorical,sperm whale,0.0,,0.0,,,including cetaceans such as the sperm whale.,20,19
project_area_critical_habitat,Project area critical habitat,categorical,likely critical habitat area,0.0,,0.0,,,the entire project area falls into likely critical habitat area,21,20
distance_to_aubeon_village,Distance to Aubeon Village,quantity,1.5,1.5,kilometers,1.5,kilometers,,Aubeon Village is 1.5 kilometers from the plant boundary,21,20
distance_to_natarbora,Distance to Natarbora,quantity,3.5,3.5,kilometers,3.5,kilometers,,"Natarbora, an 'Administrative Post' or district town, is 3.5 kilometers distant",21,20
distance_to_new_village_project,Distance to New Village Project,quantity,8.5,8.5,kilometers,8.5,kilometers,,The 'New Village' (or 'Township') Project residential area is 8.5 kilometers from the plant,21,20
number_of_houses_in_aubeon_village,Number of houses in Aubeon Village,quantity,566,566.0,houses,566.0,houses,,The number of houses in the Auebon Village is 566,21,20
average_household_size_in_timor_leste,Average household size in Timor-Leste,quantity,4.7,4.7,persons,4.7,persons,,the average household size nationally has decreased to 4.7 persons,21,20
estimated_total_population_in_aubeon_village,Estimated total population in Aubeon Village,quantity,"2,660",2660.0,people,2660.0,people,,"we can estimate the total population in the depicted village is approximately 2,660 people in 2022",21,20
national_population_of_timor_leste,National population of Timor-Leste,quantity,1.341 million,1341000.0,people,1341000.0,people,,the national population of about 1.341 million,21,20
population_of_manatuto_municipality,Population of Manatuto Municipality,quantity,"50,000",50000.0,people,50000.0,people,,"Manatuto Municipality, in which the site is located, a largely rural area, has a population barely above 50,000",21,20
percentage_of_national_population_living_in_dili,Percentage of national population living in Dili,quantity,25,25.0,percent,25.0,%,,About a quarter of the national population of about 1.341 million lives in Dili,21,20
population_of_isolated_administrative_post,Population of isolated Administrative Post,quantity,"6,000",6000.0,people,6000.0,people,,"the most isolated Administrative Post of the Municipality, with about 12% of the population at just over 6,000 people",21,20
percentage_of_population_in_isolated_administrative_post,Percentage of population in isolated Administrative Post,quantity,12,12.0,percent,12.0,%,,"about 12% of the population at just over 6,000 people",21,20
area_of_mangrove_ecosystem_restoration,Area of mangrove ecosystem restoration,quantity,580,580.0,hectares,580.0,ha,,"""managing the restoration of over 580 ha of mangrove ecosystem.""",22,21
area_of_land_for_livestock_group,Area of land for livestock group,quantity,7,7.0,hectares,7.0,ha,,"""the livestock 'fattening' group...had already commenced working on 7 ha of land""",22,21
area_of_land_for_agriculture_group,Area of land for agriculture group,quantity,4,4.0,hectares,4.0,ha,,"""the agriculture group members were expecting a large maize harvest from their 4 ha of land""",22,21
area_of_land_for_fisheries_group,Area of land for fisheries group,quantity,1,1.0,hectare,1.0,ha,,"""the fisheries group were preparing their ponds on more than 1 hectare of land.""",22,21
percentage_of_landowners_in_surveyed_villages,Percentage of landowners in surveyed villages,quantity,83,83.0,percent,83.0,%,,"""the study found, of its surveyed respondents in four villages, 83% owned the land they resided on.""",22,21
percentage_of_landowners_who_inherited_land,Percentage of landowners who inherited land,quantity,20,20.0,percent,20.0,%,,"""Of the landowners, 20% reported inheriting the land.""",22,21
percentage_of_landowners_who_obtained_land_from_indonesian_government,Percentage of landowners who obtained land from Indonesian government,quantity,17-29,17.0,percent,17.0,%,,"""17-29% obtained their land from the Indonesian government.""",22,21
percentage_of_landowners_who_obtained_land_from_timor_leste_government,Percentage of landowners who obtained land from Timor-Leste government,quantity,13-17,13.0,percent,13.0,%,,"""13-17% from the Timor-Leste government.""",22,21
percentage_of_farmers_hiring_tractors_for_cultivation,Percentage of farmers hiring tractors for cultivation,quantity,31,31.0,percent,31.0,%,,"""In the villages studied by Al-Com, 31% of farmers hired tractors to cultivate their land.""",22,21
percentage_of_aubeon_farmers_planting_wet_rice,Percentage of Aubeon farmers planting wet rice,quantity,69,69.0,percent,69.0,%,,"""About 69% of Aubeon farmers plant some wet (paddy) rice.""",22,21
percentage_of_farmers_planting_only_one_crop_annually,Percentage of farmers planting only one crop annually,quantity,88-90,88.0,percent,88.0,%,,"""mostly (88-90%) only one crop annually.""",22,21
percentage_of_landowners_selling_crops,Percentage of landowners selling crops,quantity,41,41.0,percent,41.0,%,,"""Only 41% of landowners in the study sold any crops.""",22,21
percentage_of_farmers_using_slash_and_burn,Percentage of farmers using slash-and-burn,quantity,16,16.0,percent,16.0,%,,"""Slash-and-burn is used by 16% of farmers.""",22,21
percentage_of_top_crop_planted_cornmaize,Percentage of top crop planted: corn/maize,quantity,33,33.0,percent,33.0,%,,"""The top three crops planted by respondents were corn/maize (33%).""",22,21
percentage_of_top_crop_planted_cassava,Percentage of top crop planted: cassava,quantity,17,17.0,percent,17.0,%,,"""cassava (17%)""",22,21
percentage_of_top_crop_planted_banana,Percentage of top crop planted: banana,quantity,11,11.0,percent,11.0,%,,"""and banana (11%).""",22,21
percentage_of_landowners_owning_teak_trees,Percentage of landowners owning teak trees,quantity,58,58.0,percent,58.0,%,,"""some 58% of landowners in Aubeon report owning some teak trees.""",22,21
ethno_linguistic_group_of_respondents,Ethno-linguistic group of respondents,categorical,Tetun-Terik,0.0,,0.0,,,The respondents in the household survey were mainly of Tetun-Terik ethno-linguistic group (97%).,23,22
illiteracy_rate_among_respondents,Illiteracy rate among respondents,quantity,25,25.0,percent,25.0,%,,Only 25% of respondents were illiterate.,23,22
rate_of_respondents_with_formal_education,Rate of respondents with formal education,quantity,75,75.0,percent,75.0,%,,75% have some formal education.,23,22
rate_of_respondents_with_primary_schooling,Rate of respondents with primary schooling,quantity,33,33.0,percent,33.0,%,,"Of these, 33% had primary schooling.",23,22
rate_of_respondents_with_secondary_school_or_higher,Rate of respondents with secondary school or higher,quantity,28,28.0,percent,28.0,%,,28% secondary school or higher.,23,22
distance_from_suai_supply_base_to_natarbora_refinery_site,Distance from Suai Supply Base to Natarbora Refinery site,quantity,125,125.0,km,125.0,km,,located 125 km southeast of the Natarbora Refinery site.,23,22
year_of_agreements_with_community_leaders,Year of agreements with community leaders,quantity,2013,2013.0,year,2013.0,year,,A notable achievement in this process occurred in April 2013.,23,22
duration_of_stakeholder_engagement_documentation,Duration of stakeholder engagement documentation,quantity,10,10.0,years,10.0,years,,community disclosure and consultation and overall stakeholder engagement for the South Coast hydrocarbons development date back more than 10 years.,23,22
project_area_includes_fishing_communities,Project area includes fishing communities,categorical,fishing communities,0.0,,0.0,,,The Natarbora Refinery project area includes fishing communities that will require resettlement and livelihood restoration support.,24,23
stakeholder_engagement_strategy_alignment,Stakeholder engagement strategy alignment,categorical,international infrastructure development standards,0.0,,0.0,,,The project's stakeholder engagement strategy is designed to align with international infrastructure development standards.,24,23
stakeholder_identification_and_mapping_process,Stakeholder identification and mapping process,categorical,diverse range of stakeholders,0.0,,0.0,,,"This process will involve recognizing the diverse range of stakeholders who have an interest in, or will be affected by, the project's activities.",24,23
key_stakeholders,Key stakeholders,categorical,"local residents, community leaders, governmental bodies, business entities",0.0,,0.0,,,"Key stakeholders will include local residents, community leaders, governmental bodies, and business entities.",24,23
stakeholder_mapping_steps,Stakeholder mapping steps,categorical,"listing, grouping, evaluating, prioritizing",0.0,,0.0,,,"The initial stakeholder mapping for this Preliminary ESIA considered the following steps: Listing of potential stakeholders, Grouping of stakeholders, Evaluating stakeholders, Prioritizing stakeholders.",24,23
stakeholder_evaluation_criteria,Stakeholder evaluation criteria,categorical,"level of influence, interest, potential impact",0.0,,0.0,,,"Evaluating stakeholders based on specific criteria (e.g., their level of influence, interest, and potential impact on the project).",24,23
stakeholder_prioritization_method,Stakeholder prioritization method,categorical,grid with axes representing power/influence and interest,0.0,,0.0,,,Prioritizing stakeholders by position stakeholders on a grid with axes representing their level of power/influence and interest in the project.,24,23
project_focus,Project focus,categorical,Natarbora Refinery and Petrochemical Complex development,0.0,,0.0,,,"In preparing for Natarbora Refinery and Petrochemical Complex development, disclosure of relevant project information will focus on assisting affected local stakeholders...",25,24
community_engagement_process,Community engagement process,categorical,Two-way process,0.0,,0.0,,,"The extent and degree of engagement will adapt in response to concerns raised by the Affected Communities, in a two-way process...",25,24
grievance_resolution_mechanism,Grievance Resolution Mechanism,categorical,GRM,0.0,,0.0,,,"...and the Grievance Resolution Mechanism (GRM, see below).",25,24
ngo_involvement,NGO involvement,categorical,Bega Valley Advocates for Timor-Leste,0.0,,0.0,,,Bega Valley Advocates for Timor-Leste focused on supporting local communities,25,24
ngo_focus_on_biodiversity,NGO focus on biodiversity,categorical,Konservasaun Flora and Fauna (KFF),0.0,,0.0,,,"Konservasaun Flora and Fauna (KFF) focused on supporting Biodiversity ('One Child, One Mangrove')",25,24
local_agricultural_organization,Local agricultural organization,categorical,Local Agricultural Organisation in the village of Uma-Boco,0.0,,0.0,,,Local Agricultural Organisation in the village of Uma-Boco Promoting local agricultural production,25,24
road_project,Road project,categorical,Manatuto- Laclubar-Natarbora Road Resettlement Plan,0.0,,0.0,,,Road Network Upgrading Sector Project: Manatuto- Laclubar-Natarbora Road Resettlement Plan,25,24
school_involved,School involved,categorical,Natarbora Agriculture Technical School,0.0,,0.0,,,Natarbora Agriculture Technical School,25,24
grievance_redress_mechanism_grm_establishment,Grievance Redress Mechanism (GRM) establishment,categorical,Grievance Redress Mechanism (GRM),0.0,,0.0,,,The Company will establish a Grievance Redress Mechanism (GRM) to receive and facilitate resolution of Affected Communities' concerns and grievances about the Project's environmental and social performance.,26,25
eiti_compliance_status,EITI compliance status,categorical,full EITI compliance,0.0,,0.0,,,As the first country in the Asia-Pacific region to achieve full EITI compliance,26,25
reporting_frequency_to_affected_communities,Reporting frequency to Affected Communities,quantity,annually,1.0,times per year,1.0,times per year,,"The frequency of these reports will be proportional to the concerns of Affected Communities, but not less than annually.",26,25
stakeholder_engagement_process_cost,Stakeholder engagement process cost,categorical,no cost,0.0,,0.0,,,readily accessible to them at no cost and without retribution to parties who raise issues or concerns.,26,25
reporting_standards_compliance,Reporting standards compliance,categorical,international reporting standards,0.0,,0.0,,,"The project demonstrates compliance with international reporting standards, notably as part of Timor-Leste's commitment to the Extractive Industries Transparency Initiative (EITI).",26,25
issues_of_concern_to_affected_communities,Issues of concern to Affected Communities,categorical,"recruitment and terms of employment, safety or comfort of residents, environmental impacts",0.0,,0.0,,,"These could include recruitment and terms of employment of residents for temporary, short-term, and permanent employment with the Refinery Project. These could also include issues with Project operations affecting the safety or comfort of residents, or environmental impacts impinging on natural resources of importance to the livelihoods of local residents.",26,25
nox_emission_limit_for_fccu,NOx emission limit for FCCU,quantity,300,300.0,mg/Nm³,300.0,mg/Nm3,,"""Guideline Value 300 for FCCU""",27,26
sox_emission_limit_for_sru,SOx emission limit for SRU,quantity,150,150.0,mg/Nm³,150.0,mg/Nm3,,"""SOx 150 for SRU""",27,26
sox_emission_limit_for_fccu,SOx emission limit for FCCU,quantity,300,300.0,mg/Nm³,300.0,mg/Nm3,,"""300 for FCCU""",27,26
particulates_pm10_emission_limit,Particulates PM10 emission limit,quantity,25,25.0,mg/Nm³,25.0,mg/Nm3,,"""Particulates PM10 25""",27,26
ozone_o3_emission_limit,Ozone O3 emission limit,quantity,5,5.0,mg/Nm³,5.0,mg/Nm3,,"""Ozone O3 5""",27,26
h2s_emission_limit,H2S emission limit,quantity,1,1.0,mg/Nm³,1.0,mg/Nm3,,"""H2S 1""",27,26
vanadium_emission_limit,Vanadium emission limit,quantity,5,5.0,mg/Nm³,5.0,mg/Nm3,,"""Vanadium 5""",27,26
no2_ambient_air_quality_standard_1_year,NO2 ambient air quality standard (1-year),quantity,40,40.0,mg/Nm³,40.0,mg/Nm3,,"""NO2 40 (1-year)""",27,26
no2_ambient_air_quality_standard_1_hour,NO2 ambient air quality standard (1-hour),quantity,200,200.0,mg/Nm³,200.0,mg/Nm3,,"""NO2 200 (1-hour)""",27,26
so2_ambient_air_quality_standard_24_hour,SO2 ambient air quality standard (24-hour),quantity,20,20.0,mg/Nm³,20.0,mg/Nm3,,"""SO2 20 (24-hour)""",27,26
so2_ambient_air_quality_standard_10_minute,SO2 ambient air quality standard (10-minute),quantity,500,500.0,mg/Nm³,500.0,mg/Nm3,,"""SO2 500 (10 minute)""",27,26
particulates_pm10_ambient_air_quality_standard_1_year,Particulates PM10 ambient air quality standard (1-year),quantity,20,20.0,mg/Nm³,20.0,mg/Nm3,,"""Particulates PM10 20 (1-year)""",27,26
particulates_pm10_ambient_air_quality_standard_24_hour,Particulates PM10 ambient air quality standard (24-hour),quantity,50,50.0,mg/Nm³,50.0,mg/Nm3,,"""Particulates PM10 50 (24 hour)""",27,26
ozone_o3_ambient_air_quality_standard_8_hr_daily_max,Ozone O3 ambient air quality standard (8-hr daily max),quantity,100,100.0,mg/Nm³,100.0,mg/Nm3,,"""Ozone O3 100 (8-hr daily max)""",27,26
co2_emissions_from_complex,CO2 emissions from complex,quantity,2.072 million tonnes per year,2072000.0,tonnes per year,2072000.0,tonnes per year,,"""releases of carbon dioxide (CO₂) and methane (CH₄) from the complex, in tonnes of carbon dioxide equivalent (CO 2-Eq ), are estimated at 2.072 million tonnes per year (TPY)""",28,27
co2_emissions_from_refinery,CO2 emissions from refinery,quantity,"300,000 tonnes per year",300000.0,tonnes per year,300000.0,tonnes per year,,"""consisting of 300,000 TGY for the refinery""",28,27
co2_emissions_from_petrochemical_complex,CO2 emissions from petrochemical complex,quantity,"1,772,000 tonnes per year",1772000.0,tonnes per year,1772000.0,tonnes per year,,"""and 1,772,000 TPY for the petrochemical complex""",28,27
plant_availability,Plant availability,quantity,96%,96.0,percent,96.0,%,,"""The financial model assumes non-turnaround year plant availability above 96%""",28,27
noise_level_standard,Noise level standard,quantity,70 dB(A),70.0,dB(A),70.0,dB(A),,"""generally 70 dB(A) Leq (i.e. 70 dB(A) equivalent continuous sound level)""",28,27
distance_to_aubeon_village,Distance to Aubeon village,quantity,1.5 km,1.5,km,1.5,km,,"""Key distance from complex fence line to nearest point: Aubeon village : 1.5km""",28,27
distance_to_new_township,Distance to New township,quantity,8.5 km,8.5,km,8.5,km,,"""New township: 8.5km""",28,27
distance_to_natarbora,Distance to Natarbora,quantity,3.5 km,3.5,km,3.5,km,,"""Natarbora: 3.5km""",28,27
construction_duration,Construction duration,quantity,3 years,3.0,years,3.0,years,,"""construction period, estimated to last 3 years""",28,27
ghg_emissions_reporting_threshold,GHG emissions reporting threshold,quantity,"25,000 metric tons",25000.0,metric tons,25000.0,metric tons,,"""projects are required to manage and report their greenhouse gas (GHG) emissions if the project emits more than 25,000 metric tons of CO 2 -equivalent per year""",28,27
groundwater_extraction_rate,Groundwater extraction rate,quantity,280,280.0,liters per second,280.0,liters per second,,The significance of the groundwater extraction rate of 280 liters per second (l/s) as proposed in this Project depends on the capacity and sustainability of the local aquifer system.,29,28
sea_water_cooling_system_duty_load,Sea water cooling system duty load,quantity,620,620.0,MW,620.0,MW,,The sea water cooling system duty load is 620 MW.,29,28
sea_water_requirement_for_cooling_system,Sea water requirement for cooling system,quantity,"107,000",107000.0,cubic meters per hour,107000.0,cubic meters per hour,,"...requiring up to 107,000 cubic meters per hour (m3/hr or TPH) of water.",29,28
maximum_sea_water_temperature_rise,Maximum sea water temperature rise,quantity,5,5.0,°C,5.0,degC,,...with a maximum sea water temperature rise of 5°C within the mixing zone.,29,28
typical_yield_of_industrial_deep_wells,Typical yield of industrial deep wells,quantity,5 to 50,0.0,liters per second,0.0,liters per second,,"The typical yield of industrial deep wells varies widely, depending on geological characteristics of the aquifer, the depth of the well, and local hydrogeological conditions, and can range from 5 to 50 liters per second (l/s).",29,28
water_supply_system_type,Water supply system type,categorical,dual water supply system,0.0,,0.0,,,"A dual water supply system is planned, utilizing both freshwater and seawater.",29,28
freshwater_availability_during_dry_season,Freshwater availability during dry season,categorical,limited,0.0,,0.0,,,"However, on the south coast of Timor-Leste, freshwater availability during the dry season is limited due reduced rainfall.",29,28
ph_guideline_value,pH guideline value,quantity,6-9,0.0,S.U.,0.0,S.U.,,"""pH 6-9""",30,29
bod5_guideline_value,BOD5 guideline value,quantity,30,30.0,mg/L,30.0,mg/L,,"""BOD5 30 mg/L""",30,29
cod_guideline_value,COD guideline value,quantity,125,125.0,mg/L,125.0,mg/L,,"""COD 125 mg/L""",30,29
total_suspended_solids_tss_guideline_value,Total Suspended Solids (TSS) guideline value,quantity,30,30.0,mg/L,30.0,mg/L,,"""Total Suspended Solids (TSS) 30 mg/L""",30,29
oil_and_grease_guideline_value,Oil and Grease guideline value,quantity,10,10.0,mg/L,10.0,mg/L,,"""Oil and Grease 10 mg/L""",30,29
chromium_total_guideline_value,Chromium (total) guideline value,quantity,0.5,0.5,mg/L,0.5,mg/L,,"""Chromium (total) 0.5 mg/L""",30,29
chromium_hexavalent_guideline_value,Chromium (hexavalent) guideline value,quantity,0.05,0.05,mg/L,0.05,mg/L,,"""Chromium (hexavalent) 0.05 mg/L""",30,29
copper_guideline_value,Copper guideline value,quantity,0.5,0.5,mg/L,0.5,mg/L,,"""Copper 0.5 mg/L""",30,29
iron_guideline_value,Iron guideline value,quantity,3,3.0,mg/L,3.0,mg/L,,"""Iron 3 mg/L""",30,29
cyanide_total_free_guideline_value,Cyanide Total Free guideline value,quantity,1,1.0,mg/L,1.0,mg/L,,"""Cyanide Total Free 1 mg/L""",30,29
lead_guideline_value,Lead guideline value,quantity,0.1,0.1,mg/L,0.1,mg/L,,"""Lead 0.1 mg/L""",30,29
nickel_guideline_value,Nickel guideline value,quantity,0.5,0.5,mg/L,0.5,mg/L,,"""Nickel 0.5 mg/L""",30,29
mercury_guideline_value,Mercury guideline value,quantity,0.003,0.003,mg/L,0.003,mg/L,,"""Mercury 0.003 mg/L""",30,29
arsenic_guideline_value,Arsenic guideline value,quantity,0.1,0.1,mg/L,0.1,mg/L,,"""Arsenic 0.1 mg/L""",30,29
vanadium_guideline_value,Vanadium guideline value,quantity,1,1.0,mg/L,1.0,mg/L,,"""Vanadium 1 mg/L""",30,29
phenol_guideline_value,Phenol guideline value,quantity,0.2,0.2,mg/L,0.2,mg/L,,"""Phenol 0.2 mg/L""",30,29
benzene_guideline_value,Benzene guideline value,quantity,0.05,0.05,mg/L,0.05,mg/L,,"""Benzene 0.05 mg/L""",30,29
benzoapyrene_guideline_value,Benzo(a)pyrene guideline value,quantity,0.05,0.05,mg/L,0.05,mg/L,,"""Benzo(a)pyrene 0.05 mg/L""",30,29
sulfides_guideline_value,Sulfides guideline value,quantity,0.2,0.2,mg/L,0.2,mg/L,,"""Sulfides 0.2 mg/L""",30,29
total_nitrogen_guideline_value,Total Nitrogen guideline value,quantity,10,10.0,mg/L,10.0,mg/L,,"""Total Nitrogen 10 mg/L""",30,29
total_phosphorus_guideline_value,Total Phosphorus guideline value,quantity,2,2.0,mg/L,2.0,mg/L,,"""Total Phosphorus 2 mg/L""",30,29
temperature_increase_guideline_value,Temperature increase guideline value,quantity,<3,0.0,°℃,0.0,°℃,,"""Temperature increase <3""",30,29
hazardous_waste_management,Hazardous waste management,categorical,industry standard practices,0.0,,0.0,,,"""Hazardous waste will be managed by industry standard practices and methods.""",30,29
spent_caustic_production,Spent caustic production,quantity,small quantities,0.0,tonnes per year,0.0,tonnes per year,,"""there will be small quantities of spent caustic produced (small number of tonnes per year, quantities yet to be defined)""",30,29
designation_of_aubeon_lagoon,Designation of Aubeon Lagoon,categorical,Critical Habitat,0.0,,0.0,,,Designation of Aubeon Lagoon (and possibly a more extensive area) as Critical Habitat is indicated.,31,30
population_concentration_in_dili,Population concentration in Dili,quantity,25,25.0,percent,25.0,%,,"Dili, which itself contains a quarter of the population.",31,30
population_percentage_in_manatuto,Population percentage in Manatuto,quantity,2,2.0,percent,2.0,%,,"Manatuto, where the project is located, comprises less than 2% of the population.",31,30
travel_time_from_aubeon_to_dili,Travel time from Aubeon to Dili,quantity,5,5.0,hours,5.0,hours,,"Aubeon, located a five-hour drive from Dili.",31,30
employment_impact_focus,Employment impact focus,categorical,"local employment, business development, macroeconomic effects",0.0,,0.0,,,"Analysis suggests potential impacts across multiple economic sectors, with a focus on local employment, business development, and macroeconomic effects.",31,30
economic_modeling_approaches_used,Economic modeling approaches used,categorical,input-output (I-O) multipliers and computable general equilibrium (CGE) modeling,0.0,,0.0,,,Economic modeling approaches such as input-output (I-O) multipliers and computable general equilibrium (CGE) modeling have been employed.,31,30
challenges_for_local_residents,Challenges for local residents,categorical,competition for project-related jobs,0.0,,0.0,,,"This demographic imbalance suggests local residents may face challenges competing for project-related jobs, particularly in construction and operations.",31,30
employment_opportunities_for_residents,Employment opportunities for residents,categorical,Some residents may secure employment,0.0,,0.0,,,"""Some residents may secure employment within the project, though not in higher-paying roles.""",32,31
economic_activity_during_construction,Economic activity during construction,categorical,Increased economic activity,0.0,,0.0,,,"""While increased economic activity during refinery construction and operation may spur local business development...""",32,31
youthful_labor_force,Youthful labor force,categorical,"Large, youthful labor force",0.0,,0.0,,,"""the country and region are characterized by a large, youthful labor force.""",32,31
economic_inequalities,Economic inequalities,categorical,Perceived economic inequalities,0.0,,0.0,,,"""it cannot employ everyone, potentially exacerbating perceived economic inequalities.""",32,31
stakeholder_engagement_focus,Stakeholder engagement focus,categorical,Dialogue with community leaders,0.0,,0.0,,,"""Baseline social assessments and stakeholder engagement should prioritize dialogue with community leaders...""",32,31
cultural_significance,Cultural significance,categorical,Sacred sites and culturally significant areas,0.0,,0.0,,,"""Particular attention should be given to sacred sites and culturally significant areas...""",32,31
cumulative_impact_analysis,Cumulative impact analysis,categorical,Better understanding of associated developments,0.0,,0.0,,,"""Cumulative impact analysis will only be possible with a better understanding of the closely associated LNG and Seaport (Marine Facility) developments...""",32,31
sea_level_rise_rate,Sea level rise rate,quantity,9,9.0,mm per year,9.0,mm per year,,Initial assessments indicate that sea levels near Timor-Leste have been rising at approximately 9 mm per year since 1993,33,32
projected_sea_level_rise_by_2030,Projected sea level rise by 2030,quantity,9-18,9.0,cm,9e-05,km,,Projections under a very high emissions scenario estimate a rise of 9-18 cm by 2030,33,32
projected_sea_level_rise_by_2100,Projected sea level rise by 2100,quantity,more than 1,1.0,meter,1.0,meter,,Projections under a very high emissions scenario estimate potentially more than 1 meter by 2100,33,32
groundwater_scarcity,Groundwater scarcity,categorical,significant,0.0,,0.0,,,Groundwater also constitutes an important VEC due to the prevailing water scarcity during the dry season,33,32
increased_rainfall_intensity,Increased rainfall intensity,categorical,expected,0.0,,0.0,,,Long-term projections suggest that there will likely be an uptick in extreme rainfall events,33,32
coastal_flooding_risk,Coastal flooding risk,categorical,high-risk,0.0,,0.0,,,This shift is expected to intensify the existing high-risk of coastal flooding in the site region,33,32
saltwater_intrusion,Saltwater intrusion,categorical,increased,0.0,,0.0,,,Sea level rise will increase saltwater intrusion into coastal aquifers,33,32
freshwater_demand_from_new_development,Freshwater demand from new development,categorical,substantial,0.0,,0.0,,,"This scarcity, coupled with the substantial freshwater demand anticipated from the new development",33,32
tail_gas_sulfur_emissions,Tail Gas sulfur emissions,quantity,4,4.0,kg SO2/day,4.0,kg SO2/day,,Tail Gas sulfur emissions from this recovery unit will be below 4 kg SO2/day.,34,33
plant_availability,Plant availability,quantity,96,96.0,percent,96.0,%,,The financial model assumes non-turnaround year plant availability above 96%.,34,33
distance_from_aubeon_village_to_flare,Distance from Aubeon Village to flare,quantity,3,3.0,km,3.0,km,,located at distances approximately 3 km from Aubeon Village.,34,33
distance_from_natarbora_to_flare,Distance from Natarbora to flare,quantity,3.5,3.5,km,3.5,km,,located at distances approximately 3.5 km from Natarbora.,34,33
distance_from_new_village_housing_complex_to_flare,Distance from New Village housing complex to flare,quantity,9,9.0,km,9.0,km,,located at distances approximately 9 km from the New Village housing complex.,34,33
distance_from_plants_office_to_nearest_flare,Distance from plant's office to nearest flare,quantity,1,1.0,km,1.0,km,,The nearest flare is about 1 km from the plant's office and services area.,34,33
waste_production_estimate,Waste production estimate,quantity,a few,0.0,tonnes per year,0.0,tonnes per year,,with the types and amounts (likely a few tonnes per year) being estimated in design planning.,34,33
waste_management_compliance,Waste management compliance,categorical,international industry standards,0.0,,0.0,,,All hazardous wastes will be managed in compliance with international industry standards.,34,33
project_area_buffer_zone,Project area buffer zone,quantity,1,1.0,km,1.0,km,,"""Defining ecological areas for detailed assessment, starting within the boundary of the project's industrial facilities and proposed New Village housing complex, and extending outward to at least a 1-km buffer.""",35,34
iucn_critically_endangered_species_assessment,IUCN Critically Endangered species assessment,categorical,CR,0.0,,0.0,,,"""Conducting field surveys for the presence of IUCN Critically Endangered (CR), Endangered (EN), and Vulnerable species within the project area and its buffers.""",35,34
iucn_endangered_species_assessment,IUCN Endangered species assessment,categorical,EN,0.0,,0.0,,,"""Conducting field surveys for the presence of IUCN Critically Endangered (CR), Endangered (EN), and Vulnerable species within the project area and its buffers.""",35,34
iucn_vulnerable_species_assessment,IUCN Vulnerable species assessment,categorical,Vulnerable,0.0,,0.0,,,"""Conducting field surveys for the presence of IUCN Critically Endangered (CR), Endangered (EN), and Vulnerable species within the project area and its buffers.""",35,34
biodiversity_offset_plan_initiation,Biodiversity Offset Plan initiation,categorical,BOP,0.0,,0.0,,,"""Initiating Biodiversity Offset Plan (BOP) studies, beginning with reconnaissance and detailed studies of remote potential offset sites.""",35,34
climate_change_risk_assessment_integration,Climate Change Risk Assessment integration,categorical,Project Climate Change Risk Assessment,0.0,,0.0,,,"""Incorporating the region's biodiversity vulnerability to climate change into the Project Climate Change Risk Assessment to develop adaptive strategies.""",35,34
long_term_management_and_monitoring_program,Long-term management and monitoring program,categorical,ESMP,0.0,,0.0,,,"""The outcome of these tasks is the establishment of a long-term management and monitoring program as a core component of the ESMP.""",35,34
project_focus,Project focus,categorical,socioeconomic management measures,0.0,,0.0,,,The Natarbora Refinery and Petrochemical Complex incorporates several socioeconomic management measures focused on maximizing benefits for the people of Timor-Leste while mitigating potential risks.,36,35
employment_generation,Employment generation,categorical,local employment generation,0.0,,0.0,,,"Key management priorities include local employment generation, business development opportunities, and infrastructure enhancement.",36,35
economic_activity_stimulation,Economic activity stimulation,categorical,higher levels of economic activity,0.0,,0.0,,,It is expected stimulation of higher levels of economic activity will assist primary sector workers.,36,35
targeted_training_initiatives,Targeted training initiatives,categorical,targeted training and capacity building initiatives,0.0,,0.0,,,"The Project early documents had ambitious aims to integrate unskilled and low-skilled workers from the subsistence economy into the formal sector, supported by targeted training and capacity building initiatives.",36,35
management_measures_focus,Management measures focus,categorical,balanced development,0.0,,0.0,,,"Management measures emphasize the need for balanced development, addressing both immediate project impacts and longer-term socioeconomic transformation.",36,35
grievance_resolution,Grievance resolution,categorical,quick and equitable resolution,0.0,,0.0,,,"Grievances must be resolved quickly and equitably, even at the risk of delaying critical path items.",36,35
cultural_dynamics_importance,Cultural dynamics importance,categorical,long-established knowledge of local cultural dynamics,0.0,,0.0,,,This is best dealt with by having long-established knowledge of the local cultural dynamics and structures of authority and influence.,36,35
residual_impacts,Residual impacts,categorical,potential disruptions to local community livelihoods,0.0,,0.0,,,"The key residual impacts involve potential disruptions to local community livelihoods, including farming, herding, and fishing.",36,35
cumulative_impacts_evaluation,Cumulative impacts evaluation,categorical,comprehensive evaluation of cumulative impacts,0.0,,0.0,,,"The proposed development of the LNG facility and seaport markedly amplifies these concerns, necessitating a comprehensive evaluation of cumulative impacts.",36,35
project_impact_on_local_communities,Project impact on local communities,categorical,significant yet manageable,0.0,,0.0,,,The refinery's isolated impact on the village center and southern Aubeon Mangrove Lagoon is significant yet manageable,37,36
anticipated_ecological_changes,Anticipated ecological changes,categorical,substantial ecological changes,0.0,,0.0,,,The anticipated conversion of a lagoon segment into a harbor will result in substantial ecological changes,37,36
construction_interdependency,Construction interdependency,categorical,essential,0.0,,0.0,,,"The simultaneous construction of the refinery, LNG plant, and port is essential, given their interdependency",37,36
workforce_requirement,Workforce requirement,quantity,larger workforce,0.0,,0.0,,,This requires a larger workforce and extended construction timeline,37,36
economic_opportunities_in_timor_leste,Economic opportunities in Timor-Leste,categorical,substantial opportunities for economic and social progress,0.0,,0.0,,,The project and broader South Coast development offer substantial opportunities for economic and social progress in Timor-Leste,37,36
gdp_impact,GDP impact,categorical,boost national GDP,0.0,,0.0,,,"aiming to boost national GDP, export earnings, and government revenues",37,36
job_creation,Job creation,categorical,job creation,0.0,,0.0,,,targeting macroeconomic growth alongside local community development through job creation,37,36
construction_phase_challenge,Construction phase challenge,categorical,significant disruptive challenge,0.0,,0.0,,,The construction phase poses a significant disruptive challenge,37,36
lifecycle_cost_reduction_strategy,Lifecycle cost reduction strategy,categorical,lower overall lifecycle costs,0.0,,0.0,,,converting temporary structures for community use can lower overall lifecycle costs,37,36
project_alternatives_considered,Project alternatives considered,categorical,"no action option, technology alternatives, siting alternatives",0.0,,0.0,,,"Project alternatives considered in this Chapter are no action option, technology alternatives, and siting alternatives.",38,37
distance_between_key_locations,Distance between key locations,quantity,60,60.0,kilometers,60.0,kilometers,,"The site selection process historically concentrated on two key locations along TimorLeste's southern coast: the Natarbora and Beaço sites, approximately 60 kilometers apart.",38,37
environmental_feasibility_of_the_project,Environmental feasibility of the project,categorical,environmentally feasible,0.0,,0.0,,,"The preliminary assessment indicates that the project is environmentally feasible, contingent upon the implementation of recommended management and mitigation strategies.",38,37
importance_of_further_environmental_studies,Importance of further environmental studies,categorical,significant,0.0,,0.0,,,"Achieving success will depend significantly on the outcomes of further environmental studies, as outlined in the following recommendations.",38,37
baseline_surveys_requirement,Baseline Surveys Requirement,categorical,Extensive biological surveys,0.0,,0.0,,,Extensive biological surveys are necessary to more accurately understand the presence and distribution of sensitive wildlife within the project area.,39,38
critical_habitat_determination,Critical Habitat Determination,categorical,Additional efforts required,0.0,,0.0,,,Additional efforts are required to ascertain the presence of critical habitats and defining their characteristics.,39,38
intensive_field_research_requirement,Intensive Field Research Requirement,categorical,Intensive field research required,0.0,,0.0,,,"Intensive field research is required to assess endangered, threatened, exploited, and economically significant terrestrial and aquatic species both in the region and at the project site.",39,38
community_concern_on_species,Community Concern on Species,categorical,Local villagers expressed concern,0.0,,0.0,,,Local villagers have expressed concern about the attention given to certain species that have become primary sources of supplemental income through hunting and the live-capture trade.,39,38
economic_contribution_of_species,Economic Contribution of Species,categorical,Significant contribution to essential expenses,0.0,,0.0,,,...which significantly contributes to essential expenses like paying school fees.,39,38
biodiversity_action_plan_requirement,Biodiversity Action Plan Requirement,categorical,Comprehensive Biodiversity Action/Management Plan,0.0,,0.0,,,Development must be accompanied by a comprehensive Biodiversity Action/Management Plan to ensure proactive management and protection of local ecosystems.,39,38
biodiversity_offsets_recommendation,Biodiversity Offsets Recommendation,categorical,Identify and implement biodiversity offsets,0.0,,0.0,,,It is advisable to identify and implement biodiversity offsets.,39,38
stakeholder_engagement_importance,Stakeholder Engagement Importance,categorical,Further community consultation essential,0.0,,0.0,,,"Further community consultation is essential to address a broad range of concerns spanning environmental, gender, socioeconomic, and cultural issues.",39,38
community_awareness_of_job_opportunities,Community Awareness of Job Opportunities,categorical,Awareness of potential job filling by outsiders,0.0,,0.0,,,"They are acutely aware of the potential for most project jobs to be filled by individuals from outside the district, or even by foreigners.",39,38
gap_in_community_understanding,Gap in Community Understanding,categorical,Significant gap in understanding environmental impacts,0.0,,0.0,,,"Additionally, there is a significant gap in the community's understanding of the environmental impacts.",39,38
frequency_of_community_consultations,Frequency of Community Consultations,categorical,Infrequent and limited consultations,0.0,,0.0,,,"To date, community consultation efforts have been infrequent and limited.",39,38
project_information_dissemination,Project Information Dissemination,categorical,Project information largely among elites in Dili,0.0,,0.0,,,...with project information largely disseminated among elites in Dili.,39,38
future_consultation_priorities,Future Consultation Priorities,categorical,Prioritize capturing genuine attitudes and opinions,0.0,,0.0,,,Future consultations should prioritize capturing the genuine attitudes and opinions of local residents.,39,38
distance_to_church,Distance to Church,quantity,3 to 4,3.5,kilometers,3.5,kilometers,,Church 3 to 4 kilometers from Aubeon settlement,40,39
distance_to_clinic,Distance to Clinic,quantity,3,3.0,kilometers,3.0,kilometers,,Clinic about 3 kilometers from Aubeon settlement,40,39
types_of_vegetables,Types of Vegetables,categorical,"corn, red beans, green beans, peanuts, long beans, potatoes, mustard greens, carrots, cassava leaves, pumpkin",0.0,,0.0,,,"Vegetables --corn, red beans, green beans, peanuts, long beans, potatoes, mustard greens, carrots, cassava leaves, pumpkin.",40,39
types_of_fruits,Types of Fruits,categorical,"banana, coconut, mango, pineapple, orange, jackfruit, papaya",0.0,,0.0,,,"Fruits --banana, coconut, mango, pineapple, orange, jackfruit and papaya.",40,39
development_programs,Development Programs,categorical,teak planting and mangrove protection programs,0.0,,0.0,,,Teak planting and mangrove protection programs,40,39
