category,subcategory,fact_name,value,unit,occurrences,has_conflict,confidence,rationale,signature
Project Overview,Basic Info,Document title,Natarbora Refinery And Petrochemical Complex Preliminary Environmental and Socioeconomic Impact Assessment Draft Report,,1,False,high,The document title provides essential information about the project.,document_title
Project Overview,Basic Info,Client organisation,KBR,,1,False,high,The client organization is fundamental project information.,client_organisation
Project Overview,Basic Info,Client contact,Jin Xiang Lim,,1,False,high,Client contact is essential basic information for the project.,client_contact
Project Overview,Basic Info,Project Manager,Dr Karlheinz Spitz,,1,False,high,The Project Manager's name is essential basic information about the project.,project_manager
Project Overview,Basic Info,Document approval date,8/02/2025,,1,False,high,Approval date is essential project information.,document_approval_date
Project Overview,Basic Info,Glossary term - bpd,barrels per day,,1,False,high,Glossary terms provide essential project definitions.,glossary_term_bpd
Project Overview,Basic Info,Glossary term - ha,Hectare,,1,False,high,Glossary terms provide essential project information.,glossary_term_ha
Project Overview,Basic Info,JICA,Japan International Cooperation Agency,,1,False,high,JICA is a key organization relevant to project funding and support.,jica
Project Overview,Basic Info,JEC,Japanese Electro-technical Committee Standard,,1,False,medium,The standard is relevant to project specifications but lacks context for precise categorization.,jec
Project Overview,Basic Info,kBPSD,thousand barrels per stream day,,1,False,medium,The term refers to a measurement unit but lacks context for specific categorization.,kbpsd
Project Overview,Basic Info,m/s,Meter per second,,1,False,low,The fact does not provide specific context or relevance to a project.,ms
Project Overview,Basic Info,MW,Mega Watt,,1,False,low,"The term ""MW"" is a unit of measurement and lacks context for categorization.",mw
Project Overview,Basic Info,NASA,National Aeronautics and Space Administration,,1,False,medium,"NASA is an organization name, but its relevance to the project context is unclear.",nasa
Project Overview,Basic Info,PD,Project Document,,1,False,medium,"The term ""Project Document"" is vague and could fit multiple categories; thus, it is categorized under basic info.",pd
Project Overview,Basic Info,TPD,Tonnes Per Day,,1,False,medium,TPD is a measurement unit that requires context to determine its relevance.,tpd
Project Overview,Basic Info,TPH,Tonnes Per Hour,,1,False,medium,TPH is a measurement unit that requires context to determine its relevance.,tph
Project Overview,Basic Info,USGS,United States Geological Survey,,1,False,medium,USGS is a relevant organization but lacks specific context for categorization.,usgs
Project Overview,Basic Info,List of Figures,7,,1,False,medium,The number of figures is a general project overview element but lacks specific context.,list_of_figures
Project Overview,Basic Info,List of Tables,8,,1,False,medium,The number of tables suggests a structural element but lacks specific context.,list_of_tables
Project Overview,Basic Info,Introduction Section,9,,1,False,high,The introduction section provides foundational information about the project.,introduction_section
Project Overview,Basic Info,Project Description Section,11,,1,False,medium,"The fact refers to a section title rather than a specific fact, making it ambiguous.",project_description_section
Project Overview,Basic Info,Baseline Conditions Section,37,,1,False,medium,Baseline conditions are fundamental project information but context is vague.,baseline_conditions_section
Project Overview,Basic Info,Section 9 - Alternatives Analysis,Alternatives Analysis,,1,False,high,Alternatives analysis is a fundamental aspect of project overview.,section_9_alternatives_analysis
Project Overview,Basic Info,Section 10 - Conclusions and Recommendations,Conclusions and Recommendations,,1,False,high,Conclusions and recommendations summarize project findings and are part of the overall project overview.,section_10_conclusions_and_recommendations
Project Overview,Basic Info,Appendix - Project Photographs,Project Photographs,,1,False,medium,Photographs provide general project information but lack specific context.,appendix_project_photographs
Project Overview,Basic Info,Wind Rose data period,1960 - 2024,,1,False,medium,Wind Rose data period provides basic information but lacks specific context.,wind_rose_data_period
Project Overview,Basic Info,Topography source,Timor Leste Topography,,1,False,medium,Topography source is relevant but lacks specific context for clearer categorization.,topography_source
Project Overview,Basic Info,Geology source,commons.wikimedia.org,,1,False,medium,Source of geological information is relevant but lacks specificity.,geology_source
Project Overview,Basic Info,Land Use and Land Cover source,ESRI 2023,,1,False,medium,Source of land use data is relevant but lacks specificity on its impact.,land_use_and_land_cover_source
Project Overview,Basic Info,Components of the Natarbora Complex,"Marine Facility/Seaport, Refinery and Petrochemical Complex, LNG Plant",,1,False,high,Components of the complex provide essential project overview information.,components_of_the_natarbora_complex
Project Overview,Basic Info,Objectives of Preliminary ESIA,Evaluate environmental and social implications,,1,False,high,The objectives of the ESIA provide fundamental information about the project.,objectives_of_preliminary_esia
Project Overview,Basic Info,Capacity units,kBPSD and TPD,,1,False,medium,Capacity units are fundamental but lack specific context for precise categorization.,capacity_units
Project Overview,Basic Info,Project site area for main facilities,"1,050",hectares,1,False,high,Site area is fundamental project information.,project_site_area_for_main_facilities
Project Overview,Basic Info,Project category classification,IFC Category A,,1,False,high,Project classification is fundamental project overview information.,project_category_classification
Project Overview,Basic Info,Wet season duration,December to May,,1,False,medium,Wet season duration is relevant for project planning but lacks specific context.,wet_season_duration
Project Overview,Basic Info,Area of Timor-Leste,15000,km²,1,False,high,The area of a country is fundamental project information.,area_of_timor_leste
Project Overview,Basic Info,Height of Mount Ramelau,2963,meters,1,False,medium,Height is relevant but lacks direct project context.,height_of_mount_ramelau
Project Overview,Basic Info,Mean elevation of Timor-Leste,470,meters,1,False,medium,Mean elevation is relevant but not directly tied to project specifics.,mean_elevation_of_timor_leste
Project Overview,Basic Info,Width of Timor-Leste,75 to 100,km,1,False,high,Geographical dimensions are fundamental project information.,width_of_timor_leste
Project Overview,Basic Info,Transition of project area,from natural and semi-natural rural conditions to planned development,,1,False,medium,"Describes a significant change in land use, relevant to project overview but lacks specific details.",transition_of_project_area
Project Overview,Basic Info,National population of Timor-Leste,1.341 million,people,1,False,medium,National population provides context but is not directly tied to project specifics.,national_population_of_timor_leste
Project Overview,Basic Info,Project focus,Natarbora Refinery and Petrochemical Complex development,,2,False,high,The project focus describes the main objective and scope of the project.,project_focus
Project Overview,Basic Info,Plant availability,96%,percent,2,False,medium,Plant availability is a performance metric but could fit in multiple categories.,plant_availability
Project Overview,Basic Info,Travel time from Aubeon to Dili,5,hours,1,False,medium,Travel time is relevant but lacks specific context for categorization.,travel_time_from_aubeon_to_dili
Project Overview,Basic Info,Project area buffer zone,1,km,1,False,high,Buffer zone is essential project area information.,project_area_buffer_zone
Project Overview,Location,Project location,"Natarbora Energy Complex, Viqueque, Timor Leste",,1,False,high,Project location is a fundamental aspect of project overview.,project_location
Project Overview,Location,Location of Natarbora Refinery and Petrochemical Complex,"Natarbora, Timor Leste",,1,False,high,The location of the refinery is a fundamental aspect of the project overview.,location_of_natarbora_refinery_and_petrochemical_complex
Project Overview,Location,Distance from Beaço,60,km,1,False,high,Distance from a known location is key project location information.,distance_from_beaco
Project Overview,Location,Distance from Dili,75,km,1,False,high,Distance from a major city is key project location information.,distance_from_dili
Project Overview,Location,Distance from Aubeon Village,1,kilometer,1,False,high,Distance to a village is a key locational fact.,distance_from_aubeon_village
Project Overview,Location,Area designated for 'New Village' residential development,292,hectares,1,False,medium,Designated area for development relates to project location but could also touch on social aspects.,area_designated_for_new_village_residential_development
Project Overview,Location,Distance to Rib Sahen river,3,kilometers,1,False,high,Distance to a river is a key locational fact for the project.,distance_to_rib_sahen_river
Project Overview,Location,Distance to Aubeon Village,1.5,kilometers,2,False,high,Distance to a nearby village is a key locational fact.,distance_to_aubeon_village
Project Overview,Location,Distance to Natarbora,3.5,kilometers,2,False,high,Distance to a specific location is a key project overview detail.,distance_to_natarbora
Project Overview,Location,Distance to New Village Project,8.5,kilometers,1,False,high,Distance to a project site is a key locational detail.,distance_to_new_village_project
Project Overview,Location,Distance from Suai Supply Base to Natarbora Refinery site,125,km,1,False,high,Distance to supply base is key project location information.,distance_from_suai_supply_base_to_natarbora_refinery_site
Project Overview,Location,Distance to New township,8.5 km,km,1,False,high,Distance to a township is a key locational fact for the project.,distance_to_new_township
Project Overview,Location,Distance from Aubeon Village to flare,3,km,1,False,medium,Distance to a village is relevant for project location but may also relate to social impacts.,distance_from_aubeon_village_to_flare
Project Overview,Location,Distance between key locations,60,kilometers,1,False,medium,Distance between locations is relevant but lacks specific context.,distance_between_key_locations
Project Overview,Location,Distance to Church,3 to 4,kilometers,1,False,medium,Distance to community facilities is relevant but context is limited.,distance_to_church
Project Description,Capacity/Scale,Initial production capacity,"30,000",barrels per day,1,False,high,Initial production capacity is a key aspect of project description.,initial_production_capacity
Project Description,Capacity/Scale,Stage 2 production capacity,"60,000",barrels per day,1,False,high,Production capacity is a key aspect of project description.,stage_2_production_capacity
Project Description,Capacity/Scale,Stage 3 production capacity,"100,000",barrels per day,1,False,high,Production capacity is a key aspect of project description.,stage_3_production_capacity
Project Description,Capacity/Scale,Crude Distillation Capacity,20,kBPSD,1,False,high,Crude distillation capacity is a key measure of project scale.,crude_distillation_capacity
Project Description,Capacity/Scale,Naphtha Hydrotreater Capacity,15,kBPSD,1,False,high,Hydrotreater capacity is a key aspect of project scale and technology.,naphtha_hydrotreater_capacity
Project Description,Capacity/Scale,Diesel Hydrotreater Capacity,6,kBPSD,1,False,high,Hydrotreater capacity is a key aspect of project scale and technology.,diesel_hydrotreater_capacity
Project Description,Capacity/Scale,Light Naphtha Isomerization Capacity,6,kBPSD,1,False,high,Isomerization capacity is a key project capacity metric.,light_naphtha_isomerization_capacity
Project Description,Capacity/Scale,LPG Sweetening Capacity,1.2,kBPSD,1,False,high,LPG sweetening capacity is a key aspect of project scale and technology.,lpg_sweetening_capacity
Project Description,Capacity/Scale,Kerosene Sweetening Capacity,2,kBPSD,1,False,high,Kerosene sweetening capacity is a key aspect of project scale.,kerosene_sweetening_capacity
Project Description,Capacity/Scale,Petrochemical Processing Facility Capacity,Listed in KTA or thousand tonnes per year,KTA,1,False,high,Facility capacity is a key aspect of project description.,petrochemical_processing_facility_capacity
Project Description,Capacity/Scale,Steam Cracker Capacity,1000 KTA,KTA,1,False,high,Steam cracker capacity is a key aspect of project scale.,steam_cracker_capacity
Project Description,Capacity/Scale,Propane Dehydrogenation (PDH) Capacity,500 KTA,KTA,1,False,high,PDH capacity is a key aspect of project scale and description.,propane_dehydrogenation_pdh_capacity
Project Description,Capacity/Scale,High Density Polyethylene (HDPE) / Linear Low-Density Polyethylene (LLDPE) Capacity,1000 KTA,KTA,1,False,high,Capacity of materials is a key project descriptor.,high_density_polyethylene_hdpe_linear_low_density_polyethylene_lldpe_capacity
Project Description,Capacity/Scale,Low Density Polyethylene (LDPE) Capacity,400 KTA,KTA,1,False,high,LDPE capacity is a key aspect of project scale.,low_density_polyethylene_ldpe_capacity
Project Description,Capacity/Scale,Polypropylene (PP) Capacity,500 KTA,KTA,1,False,high,Polypropylene capacity is a key aspect of project scale.,polypropylene_pp_capacity
Project Description,Capacity/Scale,C4SHU Selective Hydrogenation Unit Capacity,240 KTA,KTA,1,False,high,Unit capacity is a key aspect of project description.,c4shu_selective_hydrogenation_unit_capacity
Project Description,Capacity/Scale,MTBE Capacity,64 KTA,KTA,1,False,high,MTBE capacity is a key descriptor of project scale.,mtbe_capacity
Project Description,Capacity/Scale,Butene-1 Capacity,59 KTA,KTA,1,False,high,Butene-1 capacity is a key aspect of project scale and description.,butene_1_capacity
Project Description,Capacity/Scale,C4/C5 THU Total Hydrogenation Unit Capacity,175 KTA,KTA,1,False,high,Unit capacity is a key aspect of project description.,c4c5_thu_total_hydrogenation_unit_capacity
Project Description,Capacity/Scale,Pygas Hydrotreating Unit (PGHU) Capacity,116 KTA,KTA,1,False,high,Capacity of the hydrotreating unit is a key project descriptor.,pygas_hydrotreating_unit_pghu_capacity
Project Description,Capacity/Scale,C6-C9 Hydrodealkylation Unit (HDA) Capacity,73 KTA,KTA,1,False,high,Unit capacity is a key aspect of project description.,c6_c9_hydrodealkylation_unit_hda_capacity
Project Description,Capacity/Scale,Benzene Extraction Unit (BEU) Capacity,56 KTA,KTA,1,False,high,BEU capacity is a key aspect of project scale and technology.,benzene_extraction_unit_beu_capacity
Project Description,Capacity/Scale,Sea Water Cooling System Duty Load,620 MW,MW,2,False,high,Cooling system capacity is a key project specification.,sea_water_cooling_system_duty_load
Project Description,Infrastructure,WTP,Wastewater Treatment Plant,,1,False,high,A Wastewater Treatment Plant is a key infrastructure component of the project.,wtp
Project Description,Infrastructure,Additional area for offices and services,100,hectares,1,False,medium,Additional area for offices and services relates to project infrastructure but could also touch on other aspects.,additional_area_for_offices_and_services
Project Description,Infrastructure,Water supply system type,dual water supply system,,1,False,high,The type of water supply system is a key aspect of project infrastructure.,water_supply_system_type
Project Description,Location,Distance from Natarbora to flare,3.5,km,1,False,high,Distance to infrastructure is a key locational detail.,distance_from_natarbora_to_flare
Project Description,Technology,IWTP,Industrial Wastewater Treatment Plant,,1,False,high,IWTP is a specific technology related to project infrastructure.,iwtp
Project Description,Technology,JEM,Japan Electrical Manufacturers' Association Standard,,1,False,medium,The standard relates to technology but lacks specific context for clearer categorization.,jem
Project Description,Technology,LDPE,Low Density Polyethylene,,1,False,medium,LDPE is a type of material that may relate to project technology but lacks specific context.,ldpe
Project Description,Technology,LIDAR,Leak Detection and Repair,,1,False,high,LIDAR is a specific technology used for leak detection and repair.,lidar
Project Description,Technology,LLDPE,Linear Low Density Polyethylene,,1,False,medium,LLDPE is a type of material relevant to project technology but lacks context for clearer categorization.,lldpe
Project Description,Technology,LNG,Liquefied Natural Gas,,1,False,high,LNG is a specific technology type relevant to the project.,lng
Project Description,Technology,LPG,Liquefied Petroleum Gas,,1,False,medium,"LPG is a type of fuel technology, but its context is unclear without additional information.",lpg
Project Description,Technology,LSWR,Low-Sulfur Waxy Residue,,1,False,medium,The term refers to a specific type of residue related to project technology but lacks context for clearer categorization.,lswr
Project Description,Technology,PDH,Propane Dehydrogenation,,1,False,high,PDH refers to a specific technology used in the project.,pdh
Project Description,Technology,PGHU,Pygas Hydrotreating Unit,,1,False,high,The Pygas Hydrotreating Unit is a specific technology used in the project.,pghu
Project Description,Technology,PP,Polypropylene,,1,False,medium,Polypropylene is a type of technology/material but lacks context for clearer categorization.,pp
Project Description,Technology,SHU,Selective Hydrogenation Unit,,1,False,high,The Selective Hydrogenation Unit is a specific technology used in the project.,shu
Project Description,Technology,THU,Total Hydrogenation Unit,,1,False,high,The Total Hydrogenation Unit is a specific technology used in the project.,thu
Project Description,Technology,Oil Refinery Process,Oil Refinery Process,,1,False,high,The oil refinery process describes the technology used in the project.,oil_refinery_process
Project Description,Technology,Semi Regenerative Reformer Capacity,9,kBPSD,1,False,high,Reformer capacity is a specific technology descriptor for the project.,semi_regenerative_reformer_capacity
Project Description,Timeline,Estimated construction phase duration,6,years,1,False,high,Construction phase duration is a key aspect of project timeline.,estimated_construction_phase_duration
Project Description,Timeline,Construction duration,3 years,years,1,False,high,Construction duration is a key aspect of project timelines.,construction_duration
Environmental Impacts,Air,MTBE,Methyl tertiary butyl ether,,1,False,medium,"MTBE is a chemical that can impact air quality, but its specific context is unclear.",mtbe
Environmental Impacts,Air,NOx,Nitrogen Oxides,,1,False,high,NOx is a key air pollutant relevant to environmental impacts.,nox
Environmental Impacts,Air,PM,Particulate Matter,,1,False,high,Particulate Matter is a key air quality indicator.,pm
Environmental Impacts,Air,SOx/SO2,Sulfur Oxides,,1,False,high,SOx/SO2 are key air quality pollutants relevant to environmental impacts.,soxso2
Environmental Impacts,Air,VOCs,Volatile Organic Compounds,,1,False,high,VOCs are significant air pollutants and environmental concerns.,vocs
Environmental Impacts,Air,Section 7.1 - Air Resources,Air Resources,,1,False,high,"The section specifically addresses air resources, a key environmental concern.",section_71_air_resources
Environmental Impacts,Air,Section 8.1 - Air Quality Management and Mitigation,Air Quality Management and Mitigation,,1,False,high,Air quality management is a key environmental concern.,section_81_air_quality_management_and_mitigation
Environmental Impacts,Air,Temperature data period,1958 - 2023,,1,False,medium,Temperature data is relevant for assessing climate impacts but lacks specific context.,temperature_data_period
Environmental Impacts,Air,Monthly Temperature Variability data period,1958-2023,,1,False,medium,Temperature variability data relates to environmental conditions but lacks specificity.,monthly_temperature_variability_data_period
Environmental Impacts,Air,Air pollutants,"sulfur oxides (SOx/SO₂), nitrogen oxides (NOx), volatile organic compounds (VOCs), particulate matter (PM), carbon dioxide (CO₂), carbon monoxide (CO)",,1,False,high,Air pollutants are a key environmental impact factor.,air_pollutants
Environmental Impacts,Air,Maximum daytime sound level,70,dB(A),1,False,high,Sound levels are a key environmental impact measurement.,maximum_daytime_sound_level
Environmental Impacts,Air,Air emission limits for combustion sources,50,MWth,1,False,high,Air emission limits are a key environmental regulation.,air_emission_limits_for_combustion_sources
Environmental Impacts,Air,Temperature variability,Less variable,,1,False,medium,Temperature variability relates to environmental conditions but lacks specific context.,temperature_variability
Environmental Impacts,Air,Temperature data range,1958 to 2023,,1,False,medium,Temperature data is relevant for assessing climate impacts but lacks specific context.,temperature_data_range
Environmental Impacts,Air,Maximum monthly temperature range,30 to 32,°C,1,False,medium,Temperature range affects environmental conditions but is somewhat ambiguous in impact.,maximum_monthly_temperature_range
Environmental Impacts,Air,Minimum monthly temperature range,20 to 23,°C,1,False,medium,Temperature range affects environmental conditions but is somewhat ambiguous in context.,minimum_monthly_temperature_range
Environmental Impacts,Air,Temperature difference,8 to 10,°C,1,False,medium,Temperature differences can indicate air quality impacts but lack specific context.,temperature_difference
Environmental Impacts,Air,Dry season wind direction,south-southeast and south,,1,False,medium,Wind direction can influence air quality and environmental assessments.,dry_season_wind_direction
Environmental Impacts,Air,Wet season wind direction,west and west-northwest,,1,False,medium,Wind direction can influence air quality and environmental assessments.,wet_season_wind_direction
Environmental Impacts,Air,Wind speed exceeding,12,m/s,1,False,medium,"Wind speed can impact air quality and project feasibility, but context is needed for clarity.",wind_speed_exceeding
Environmental Impacts,Air,NO2 ambient air quality standard (1-year),40,mg/Nm³,1,False,high,Ambient air quality standards are critical environmental impact metrics.,no2_ambient_air_quality_standard_1_year
Environmental Impacts,Air,NO2 ambient air quality standard (1-hour),200,mg/Nm³,1,False,high,Ambient air quality standards are critical environmental impact indicators.,no2_ambient_air_quality_standard_1_hour
Environmental Impacts,Air,SO2 ambient air quality standard (24-hour),20,mg/Nm³,1,False,high,Ambient air quality standards are critical environmental impact indicators.,so2_ambient_air_quality_standard_24_hour
Environmental Impacts,Air,SO2 ambient air quality standard (10-minute),500,mg/Nm³,1,False,high,SO2 standards are critical for assessing air quality impacts.,so2_ambient_air_quality_standard_10_minute
Environmental Impacts,Air,Particulates PM10 ambient air quality standard (1-year),20,mg/Nm³,1,False,high,PM10 standards are critical for assessing air quality impacts.,particulates_pm10_ambient_air_quality_standard_1_year
Environmental Impacts,Air,Particulates PM10 ambient air quality standard (24-hour),50,mg/Nm³,1,False,high,PM10 standards are critical for assessing air quality impacts.,particulates_pm10_ambient_air_quality_standard_24_hour
Environmental Impacts,Air,Ozone O3 ambient air quality standard (8-hr daily max),100,mg/Nm³,1,False,high,Ambient air quality standards are critical environmental impact indicators.,ozone_o3_ambient_air_quality_standard_8_hr_daily_max
Environmental Impacts,Air,Noise level standard,70 dB(A),dB(A),1,False,high,Noise level standards are related to air quality and environmental impacts.,noise_level_standard
Environmental Impacts,Air,Temperature increase guideline value,<3,°℃,1,False,medium,Guideline values for temperature increase relate to environmental impacts but lack specific context.,temperature_increase_guideline_value
Environmental Impacts,Basic Info,Environmental feasibility of the project,environmentally feasible,,1,False,medium,Feasibility indicates environmental assessment but lacks specific metrics.,environmental_feasibility_of_the_project
Environmental Impacts,Biodiversity,SNAP,National System of Protected Areas,,1,False,medium,"Protected areas relate to biodiversity conservation, but context is limited.",snap
Environmental Impacts,Biodiversity,VEC,Valued Environmental Component,,1,False,medium,Valued Environmental Components relate to biodiversity and environmental considerations.,vec
Environmental Impacts,Biodiversity,Section 7.5 - Ecology and Biodiversity,Ecology and Biodiversity,,1,False,high,The section specifically addresses ecology and biodiversity issues.,section_75_ecology_and_biodiversity
Environmental Impacts,Biodiversity,Section 7.9 - Valued Environmental Components,Valued Environmental Components,,1,False,medium,"Valued Environmental Components relate to biodiversity and environmental considerations, but the specific context is unclear.",section_79_valued_environmental_components
Environmental Impacts,Biodiversity,Section 8.4 - Biodiversity Impact Management and Mitigation,Biodiversity Impact Management and Mitigation,,1,False,high,"The section specifically addresses biodiversity management, a key environmental concern.",section_84_biodiversity_impact_management_and_mitigation
Environmental Impacts,Biodiversity,Nearest Coral Reefs distance,40,km,2,True,medium,"Distance to coral reefs relates to biodiversity impacts, but context is needed for clarity.",nearest_coral_reefs_distance
Environmental Impacts,Biodiversity,Biodiversity impact,local ecosystems,,1,False,high,Biodiversity impact directly relates to environmental effects on ecosystems.,biodiversity_impact
Environmental Impacts,Biodiversity,Sensitive ecosystems classification,Category A,,1,False,high,Sensitive ecosystems classification directly relates to biodiversity impacts.,sensitive_ecosystems_classification
Environmental Impacts,Biodiversity,Number of Terrestrial and Marine Protected Areas,46,areas,1,False,high,Protected areas are critical for biodiversity conservation.,number_of_terrestrial_and_marine_protected_areas
Environmental Impacts,Biodiversity,Coastal feature at project site,mangrove forests,,1,False,high,Mangrove forests are critical coastal ecosystems impacting biodiversity.,coastal_feature_at_project_site
Environmental Impacts,Biodiversity,Ecological services provided by mangroves,"coastal protection, fisheries support, carbon sequestration",,1,False,high,Ecological services from mangroves are critical for biodiversity and environmental health.,ecological_services_provided_by_mangroves
Environmental Impacts,Biodiversity,Project area mangrove contribution,one tenth,fraction,1,False,medium,Mangrove contribution relates to biodiversity but lacks specific impact context.,project_area_mangrove_contribution
Environmental Impacts,Biodiversity,Discovery of new species,Timor Ground Snake,,1,False,high,Discovery of new species directly relates to biodiversity impacts.,discovery_of_new_species
Environmental Impacts,Biodiversity,Location of new species discovery,6.5,kilometers,1,False,medium,"Discovery of new species relates to biodiversity impacts, but location context is unclear.",location_of_new_species_discovery
Environmental Impacts,Biodiversity,Endangered species present,Timor Green-pigeon,,6,False,high,Presence of endangered species is a key biodiversity concern.,endangered_species_present
Environmental Impacts,Biodiversity,Critically Endangered species present,Hawksbill Seaturtle,,1,False,high,Presence of critically endangered species is a key biodiversity concern.,critically_endangered_species_present
Environmental Impacts,Biodiversity,Endangered migratory species present,Siberian Sandplover,,2,False,high,Presence of endangered species is a key biodiversity concern.,endangered_migratory_species_present
Environmental Impacts,Biodiversity,Marine biodiversity,Coral Triangle,,1,False,high,Marine biodiversity is a critical environmental aspect.,marine_biodiversity
Environmental Impacts,Biodiversity,Migratory species in open waters,tuna,,2,False,high,Migratory species are key indicators of biodiversity impacts.,migratory_species_in_open_waters
Environmental Impacts,Biodiversity,Project area critical habitat,likely critical habitat area,,1,False,medium,Critical habitat designation relates to biodiversity impacts but lacks specific data.,project_area_critical_habitat
Environmental Impacts,Biodiversity,Area of mangrove ecosystem restoration,580,hectares,1,False,high,Restoration of mangrove ecosystems directly relates to biodiversity impacts.,area_of_mangrove_ecosystem_restoration
Environmental Impacts,Biodiversity,Percentage of top crop planted: banana,11,percent,1,False,medium,Percentage of crop planted relates to land use and biodiversity impact.,percentage_of_top_crop_planted_banana
Environmental Impacts,Biodiversity,NGO focus on biodiversity,Konservasaun Flora and Fauna (KFF),,1,False,high,Focus on biodiversity is a clear environmental concern.,ngo_focus_on_biodiversity
Environmental Impacts,Biodiversity,Designation of Aubeon Lagoon,Critical Habitat,,1,False,high,Designation as Critical Habitat indicates significant biodiversity value.,designation_of_aubeon_lagoon
Environmental Impacts,Biodiversity,IUCN Critically Endangered species assessment,CR,,1,False,high,Assessment of critically endangered species is a key biodiversity concern.,iucn_critically_endangered_species_assessment
Environmental Impacts,Biodiversity,IUCN Endangered species assessment,EN,,1,False,high,Endangered species assessments are critical for biodiversity impact evaluations.,iucn_endangered_species_assessment
Environmental Impacts,Biodiversity,IUCN Vulnerable species assessment,Vulnerable,,1,False,high,Assessment of vulnerable species relates directly to biodiversity impacts.,iucn_vulnerable_species_assessment
Environmental Impacts,Biodiversity,Biodiversity Offset Plan initiation,BOP,,1,False,medium,Biodiversity offset plans relate to environmental management but lack specific context.,biodiversity_offset_plan_initiation
Environmental Impacts,Biodiversity,Anticipated ecological changes,substantial ecological changes,,1,False,medium,Ecological changes relate to biodiversity impacts but lack specific details.,anticipated_ecological_changes
Environmental Impacts,Biodiversity,Baseline Surveys Requirement,Extensive biological surveys,,1,False,medium,Biological surveys relate to biodiversity assessment but could also touch on other environmental aspects.,baseline_surveys_requirement
Environmental Impacts,Biodiversity,Critical Habitat Determination,Additional efforts required,,1,False,medium,"Critical habitat determination relates to biodiversity impacts, but the specifics are unclear.",critical_habitat_determination
Environmental Impacts,Biodiversity,Biodiversity Action Plan Requirement,Comprehensive Biodiversity Action/Management Plan,,1,False,high,Biodiversity Action Plans are critical for managing ecological impacts.,biodiversity_action_plan_requirement
Environmental Impacts,Biodiversity,Biodiversity Offsets Recommendation,Identify and implement biodiversity offsets,,1,False,high,Biodiversity offsets are directly related to environmental impact mitigation.,biodiversity_offsets_recommendation
Environmental Impacts,Biodiversity,Types of Vegetables,"corn, red beans, green beans, peanuts, long beans, potatoes, mustard greens, carrots, cassava leaves, pumpkin",,1,False,medium,Vegetable types relate to biodiversity but could also indicate agricultural practices.,types_of_vegetables
Environmental Impacts,Biodiversity,Types of Fruits,"banana, coconut, mango, pineapple, orange, jackfruit, papaya",,1,False,medium,Fruits indicate biodiversity but context is needed for impact assessment.,types_of_fruits
Environmental Impacts,Biodiversity,Development Programs,teak planting and mangrove protection programs,,1,False,medium,Development programs like planting and protection relate to biodiversity but could also have social aspects.,development_programs
Environmental Impacts,Emissions,KTA,Kilotonnes per Annum or thousand tonnes per year,,1,False,medium,KTA refers to emissions but lacks specific context for clarity.,kta
Environmental Impacts,Emissions,TPY,Tonnes Per Year,,1,False,medium,TPY is a unit of measurement typically used for emissions but lacks specific context here.,tpy
Environmental Impacts,Emissions,Greenhouse gas emissions,2.072 million,tonnes per year,1,False,high,Greenhouse gas emissions are a key measure of environmental impact.,greenhouse_gas_emissions
Environmental Impacts,Emissions,Refinery emissions,"300,000",tonnes per year,1,False,high,Refinery emissions are a direct measure of environmental impact.,refinery_emissions
Environmental Impacts,Emissions,Petrochemicals emissions,"1,772,000",tonnes per year,1,False,high,Petrochemical emissions are a significant environmental impact measure.,petrochemicals_emissions
Environmental Impacts,Emissions,Continuous gas flaring during operations,Not planned,,1,False,medium,"Gas flaring impacts air quality, but the lack of planning adds uncertainty.",continuous_gas_flaring_during_operations
Environmental Impacts,Emissions,NOx emission limit for FCCU,300,mg/Nm³,1,False,high,NOx emission limits are critical environmental regulatory measures.,nox_emission_limit_for_fccu
Environmental Impacts,Emissions,SOx emission limit for SRU,150,mg/Nm³,1,False,high,SOx emission limits are critical environmental regulatory measures.,sox_emission_limit_for_sru
Environmental Impacts,Emissions,SOx emission limit for FCCU,300,mg/Nm³,1,False,high,SOx emission limits are critical environmental regulatory measures.,sox_emission_limit_for_fccu
Environmental Impacts,Emissions,Particulates PM10 emission limit,25,mg/Nm³,1,False,high,Emission limits are critical environmental regulatory indicators.,particulates_pm10_emission_limit
Environmental Impacts,Emissions,Ozone O3 emission limit,5,mg/Nm³,1,False,high,Ozone emission limits are a specific measure of air quality impact.,ozone_o3_emission_limit
Environmental Impacts,Emissions,H2S emission limit,1,mg/Nm³,1,False,high,H2S emission limits are critical for assessing environmental impacts.,h2s_emission_limit
Environmental Impacts,Emissions,Vanadium emission limit,5,mg/Nm³,1,False,high,Emission limits are critical for assessing environmental impacts.,vanadium_emission_limit
Environmental Impacts,Emissions,CO2 emissions from complex,2.072 million tonnes per year,tonnes per year,1,False,high,CO2 emissions are a direct measure of environmental impact.,co2_emissions_from_complex
Environmental Impacts,Emissions,CO2 emissions from refinery,"300,000 tonnes per year",tonnes per year,1,False,high,CO2 emissions from a refinery are a direct measure of environmental impact.,co2_emissions_from_refinery
Environmental Impacts,Emissions,CO2 emissions from petrochemical complex,"1,772,000 tonnes per year",tonnes per year,1,False,high,CO2 emissions from a petrochemical complex are a direct measure of environmental impact.,co2_emissions_from_petrochemical_complex
Environmental Impacts,Emissions,GHG emissions reporting threshold,"25,000 metric tons",metric tons,1,False,high,GHG emissions reporting is a key environmental compliance measure.,ghg_emissions_reporting_threshold
Environmental Impacts,Emissions,Tail Gas sulfur emissions,4,kg SO2/day,1,False,high,Sulfur emissions are a specific measure of environmental impact.,tail_gas_sulfur_emissions
Environmental Impacts,Identified Risks,Expected environmental impacts containment,Limited to project site and immediate vicinity,,1,False,medium,Containment of impacts suggests potential environmental risks.,expected_environmental_impacts_containment
Environmental Impacts,Land,LULC,Land Use and Land Cover,,1,False,medium,"LULC relates to land use, which impacts the environment but is somewhat ambiguous without specific metrics.",lulc
Environmental Impacts,Land,Section 7.2 - Land and Soil Resources,Land and Soil Resources,,1,False,high,"The section specifically addresses land and soil resources, fitting well within environmental impacts.",section_72_land_and_soil_resources
Environmental Impacts,Land,Percentage of land with slope greater than 40%,44,%,1,False,medium,Slope percentage affects land use and environmental considerations.,percentage_of_land_with_slope_greater_than_40
Environmental Impacts,Land,Thickness of sediment unit,600,meters,1,False,medium,Sediment thickness relates to land impacts but lacks specific context.,thickness_of_sediment_unit
Environmental Impacts,Land,Requirement for vegetation clearing,to support refinery development,,1,False,medium,"Vegetation clearing impacts land use, but context on extent is needed.",requirement_for_vegetation_clearing
Environmental Impacts,Land,Percentage of top crop planted: corn/maize,33,percent,1,False,medium,Percentage of crop planted relates to land use and agricultural impact.,percentage_of_top_crop_planted_cornmaize
Environmental Impacts,Location,Distance from New Village housing complex to flare,9,km,1,False,medium,Distance to housing complex relates to environmental and safety considerations.,distance_from_new_village_housing_complex_to_flare
Environmental Impacts,Monitoring,Environmental Baseline Conditions Section,23,,1,False,medium,Baseline conditions are essential for environmental monitoring but could also relate to project overview.,environmental_baseline_conditions_section
Environmental Impacts,Monitoring,Cumulative impacts evaluation,comprehensive evaluation of cumulative impacts,,1,False,medium,Cumulative impacts evaluation relates to monitoring environmental effects over time.,cumulative_impacts_evaluation
Environmental Impacts,Uncertainties,Climate influence,Asian tropical monsoon system,,1,False,medium,Climate influence relates to environmental factors but is somewhat ambiguous without specific impacts.,climate_influence
Environmental Impacts,Waste,Section 7.4 - Waste Generation,Waste Generation,,1,False,high,Waste generation is a key environmental impact factor.,section_74_waste_generation
Environmental Impacts,Waste,Section 8.3 - Waste Management,Waste Management,,1,False,high,Waste management is a specific environmental concern.,section_83_waste_management
Environmental Impacts,Waste,Sulfur Recovery Capacity,1,TPD,1,False,medium,Sulfur recovery relates to waste management but could also impact emissions.,sulfur_recovery_capacity
Environmental Impacts,Waste,Waste management,hazardous waste,,1,False,high,Waste management is a key environmental concern.,waste_management
Environmental Impacts,Waste,Hazardous waste management,industry standard practices,,1,False,medium,Hazardous waste management relates to environmental practices but lacks specific quantitative data.,hazardous_waste_management
Environmental Impacts,Waste,Spent caustic production,small quantities,tonnes per year,1,False,medium,Spent caustic relates to waste management but lacks specific context.,spent_caustic_production
Environmental Impacts,Waste,Waste production estimate,a few,tonnes per year,1,False,medium,The estimate of waste production is relevant to environmental impacts but lacks specificity.,waste_production_estimate
Environmental Impacts,Waste,Waste management compliance,international industry standards,,1,False,medium,Compliance with standards relates to waste management but lacks specific metrics.,waste_management_compliance
Environmental Impacts,Water,PDSI,Palmer Drought Severity Index,,1,False,medium,The Palmer Drought Severity Index relates to environmental conditions affecting water resources.,pdsi
Environmental Impacts,Water,Section 7.3 - Water Resources,Water Resources,,1,False,high,"The section specifically addresses water resources, a key environmental concern.",section_73_water_resources
Environmental Impacts,Water,Section 8.2 - Water Pollution,Water Pollution,,1,False,high,Water pollution is a significant environmental concern.,section_82_water_pollution
Environmental Impacts,Water,Average Monthly Rainfall data period,1958-2023,,1,False,medium,Rainfall data is relevant for understanding water impacts but lacks specific context.,average_monthly_rainfall_data_period
Environmental Impacts,Water,Daily Rainfall data period,1958-2023,,1,False,medium,Rainfall data is relevant for environmental assessments but lacks specific context.,daily_rainfall_data_period
Environmental Impacts,Water,Drainage Basin and Watercourses,Project Region Drainage Basin and Watercourses,,1,False,high,Drainage basins and watercourses are critical components of environmental impact assessments.,drainage_basin_and_watercourses
Environmental Impacts,Water,Groundwater fields and yield source,Timor Leste,,1,False,high,Groundwater sources are critical for assessing water impacts.,groundwater_fields_and_yield_source
Environmental Impacts,Water,Maximum Net Energy Consumption,"3,032,226 Gcal/yr",Gcal/yr,1,False,medium,"Energy consumption impacts environmental resources, but the specific context is unclear.",maximum_net_energy_consumption
Environmental Impacts,Water,Makeup Water Requirement,"1,000 tonnes per hour",TPH,1,False,high,Water requirements are critical for assessing environmental impacts.,makeup_water_requirement
Environmental Impacts,Water,Freshwater Consumption,8 million cubic meters,cubic meters,1,False,high,Freshwater consumption is a key environmental impact metric.,freshwater_consumption
Environmental Impacts,Water,Sea Water Requirement,"107,000 cubic meters per hour",m3/hr,1,False,high,Water requirement is a key environmental impact factor.,sea_water_requirement
Environmental Impacts,Water,Maximum Sea Water Temperature Rise,5°C,°C,2,False,medium,Temperature rise affects aquatic ecosystems; context needed for clarity.,maximum_sea_water_temperature_rise
Environmental Impacts,Water,Effluent treatment,industrial wastewater treatment plant (IWTP),,1,False,high,Effluent treatment is directly related to water management and environmental impact.,effluent_treatment
Environmental Impacts,Water,Dry season duration,June to November,,1,False,medium,Dry season duration affects water availability and environmental conditions.,dry_season_duration
Environmental Impacts,Water,Minimum annual rainfall,740,mm,1,False,high,Annual rainfall is a key environmental factor affecting water resources.,minimum_annual_rainfall
Environmental Impacts,Water,Maximum annual rainfall,2300,mm,1,False,high,Annual rainfall is a key environmental factor affecting water resources.,maximum_annual_rainfall
Environmental Impacts,Water,Average annual rainfall in Natarbora,740 to 900,mm,1,False,medium,Rainfall data is relevant for environmental impact assessment but could also relate to project planning.,average_annual_rainfall_in_natarbora
Environmental Impacts,Water,High daily rainfall event,140,mm,1,False,medium,High rainfall events impact environmental conditions but could also relate to risks.,high_daily_rainfall_event
Environmental Impacts,Water,PDSI trend from 1958 to 2023,No significant trend,,1,False,medium,"PDSI relates to drought conditions, impacting environmental assessments.",pdsi_trend_from_1958_to_2023
Environmental Impacts,Water,Groundwater reliance during dry season,critical resource,,1,False,high,Groundwater reliance is a critical environmental concern.,groundwater_reliance_during_dry_season
Environmental Impacts,Water,Groundwater extraction rate,280,liters per second,1,False,high,Groundwater extraction is a key environmental impact related to water resources.,groundwater_extraction_rate
Environmental Impacts,Water,Sea water requirement for cooling system,"107,000",cubic meters per hour,1,False,high,Water usage for cooling is a significant environmental impact.,sea_water_requirement_for_cooling_system
Environmental Impacts,Water,Typical yield of industrial deep wells,5 to 50,liters per second,1,False,medium,"Yield of wells relates to water resource management, but context is needed for clarity.",typical_yield_of_industrial_deep_wells
Environmental Impacts,Water,Freshwater availability during dry season,limited,,1,False,medium,"Freshwater availability is an environmental concern, but ""limited"" is vague.",freshwater_availability_during_dry_season
Environmental Impacts,Water,pH guideline value,6-9,S.U.,1,False,medium,"pH guidelines relate to water quality, but context is needed for specific impact assessment.",ph_guideline_value
Environmental Impacts,Water,BOD5 guideline value,30,mg/L,1,False,high,BOD5 guideline values are critical for assessing water quality impacts.,bod5_guideline_value
Environmental Impacts,Water,COD guideline value,125,mg/L,1,False,high,COD guideline values are critical for assessing water quality impacts.,cod_guideline_value
Environmental Impacts,Water,Total Suspended Solids (TSS) guideline value,30,mg/L,1,False,high,TSS guideline values are critical for assessing water quality impacts.,total_suspended_solids_tss_guideline_value
Environmental Impacts,Water,Oil and Grease guideline value,10,mg/L,1,False,high,Guideline values for oil and grease pertain to water quality impacts.,oil_and_grease_guideline_value
Environmental Impacts,Water,Chromium (total) guideline value,0.5,mg/L,1,False,high,Chromium guideline values are critical for assessing water quality impacts.,chromium_total_guideline_value
Environmental Impacts,Water,Chromium (hexavalent) guideline value,0.05,mg/L,1,False,high,Guideline values for contaminants are critical for assessing water quality impacts.,chromium_hexavalent_guideline_value
Environmental Impacts,Water,Copper guideline value,0.5,mg/L,1,False,high,Copper guideline values are critical for assessing water quality impacts.,copper_guideline_value
Environmental Impacts,Water,Iron guideline value,3,mg/L,1,False,high,Iron guideline values are critical for assessing water quality impacts.,iron_guideline_value
Environmental Impacts,Water,Cyanide Total Free guideline value,1,mg/L,1,False,high,Cyanide guidelines are critical for water quality and safety.,cyanide_total_free_guideline_value
Environmental Impacts,Water,Lead guideline value,0.1,mg/L,1,False,high,Lead guideline values are critical for assessing water quality impacts.,lead_guideline_value
Environmental Impacts,Water,Nickel guideline value,0.5,mg/L,1,False,high,Nickel guideline values are critical for assessing water quality impacts.,nickel_guideline_value
Environmental Impacts,Water,Mercury guideline value,0.003,mg/L,1,False,high,Mercury guideline values are critical for assessing water quality impacts.,mercury_guideline_value
Environmental Impacts,Water,Arsenic guideline value,0.1,mg/L,1,False,high,Arsenic guideline values are critical for assessing water quality impacts.,arsenic_guideline_value
Environmental Impacts,Water,Vanadium guideline value,1,mg/L,1,False,high,Guideline values for contaminants are key environmental indicators.,vanadium_guideline_value
Environmental Impacts,Water,Phenol guideline value,0.2,mg/L,1,False,high,Phenol guideline values are critical for assessing water quality impacts.,phenol_guideline_value
Environmental Impacts,Water,Benzene guideline value,0.05,mg/L,1,False,high,Benzene guideline values are critical for assessing water quality impacts.,benzene_guideline_value
Environmental Impacts,Water,Benzo(a)pyrene guideline value,0.05,mg/L,1,False,high,Guideline values for pollutants are critical environmental indicators.,benzoapyrene_guideline_value
Environmental Impacts,Water,Sulfides guideline value,0.2,mg/L,1,False,high,Sulfide levels are critical for assessing water quality impacts.,sulfides_guideline_value
Environmental Impacts,Water,Total Nitrogen guideline value,10,mg/L,1,False,high,Nitrogen guidelines are critical for assessing water quality impacts.,total_nitrogen_guideline_value
Environmental Impacts,Water,Total Phosphorus guideline value,2,mg/L,1,False,high,Phosphorus guidelines pertain to water quality standards.,total_phosphorus_guideline_value
Environmental Impacts,Water,Sea level rise rate,9,mm per year,1,False,medium,"Sea level rise impacts water resources and ecosystems, but context is needed for specific relevance.",sea_level_rise_rate
Environmental Impacts,Water,Projected sea level rise by 2030,9-18,cm,1,False,medium,Sea level rise is an environmental concern but its direct impact context is unclear.,projected_sea_level_rise_by_2030
Environmental Impacts,Water,Groundwater scarcity,significant,,1,False,medium,Groundwater scarcity is an environmental concern but lacks specific quantitative data.,groundwater_scarcity
Environmental Impacts,Water,Saltwater intrusion,increased,,1,False,medium,"Saltwater intrusion affects water resources, but context is needed for clarity.",saltwater_intrusion
Environmental Impacts,Water,Freshwater demand from new development,substantial,,1,False,medium,Freshwater demand relates to environmental resource use but is described qualitatively.,freshwater_demand_from_new_development
Social Impacts,Community,Population and Demography Section,38,,1,False,medium,Demographic information relates to community aspects but lacks specific context.,population_and_demography_section
Social Impacts,Community,Section 7.6 - Socioeconomic Impacts,Socioeconomic Impacts,,1,False,medium,"The section title indicates a focus on social aspects, but lacks specific details.",section_76_socioeconomic_impacts
Social Impacts,Community,Section 8.5 - Socioeconomic and Sociocultural Impact Management,Socioeconomic and Sociocultural Impact Management,,1,False,medium,"Focuses on managing social impacts, but lacks specific details.",section_85_socioeconomic_and_sociocultural_impact_management
Social Impacts,Community,Population Pyramid data year,2020,,1,False,medium,Population data relates to community demographics but lacks specific context.,population_pyramid_data_year
Social Impacts,Community,Agricultural activities in local communities,"fishing, farming, livestock",,1,False,high,Agricultural activities are directly related to community social dynamics.,agricultural_activities_in_local_communities
Social Impacts,Community,Number of houses in Aubeon Village,566,houses,1,False,high,The number of houses directly relates to community demographics.,number_of_houses_in_aubeon_village
Social Impacts,Community,Average household size in Timor-Leste,4.7,persons,1,False,medium,Household size is relevant to community dynamics but not directly tied to project specifics.,average_household_size_in_timor_leste
Social Impacts,Community,Estimated total population in Aubeon Village,"2,660",people,1,False,high,Population estimates are key community impact indicators.,estimated_total_population_in_aubeon_village
Social Impacts,Community,Population of Manatuto Municipality,"50,000",people,1,False,high,Population figures are relevant to community impact assessments.,population_of_manatuto_municipality
Social Impacts,Community,Percentage of national population living in Dili,25,percent,1,False,medium,Percentage of population relates to community demographics but lacks specific context.,percentage_of_national_population_living_in_dili
Social Impacts,Community,Population of isolated Administrative Post,"6,000",people,1,False,high,Population figures are relevant to community impact assessments.,population_of_isolated_administrative_post
Social Impacts,Community,Percentage of population in isolated Administrative Post,12,percent,1,False,medium,Percentage of isolated population relates to community impact but lacks specific context.,percentage_of_population_in_isolated_administrative_post
Social Impacts,Community,Area of land for livestock group,7,hectares,1,False,medium,The area designated for livestock relates to community land use but lacks specific context.,area_of_land_for_livestock_group
Social Impacts,Community,Area of land for agriculture group,4,hectares,1,False,medium,The area designated for agriculture relates to community impacts but could also touch on environmental aspects.,area_of_land_for_agriculture_group
Social Impacts,Community,Area of land for fisheries group,1,hectare,1,False,medium,The area designated for fisheries relates to community resources but lacks clarity on impact.,area_of_land_for_fisheries_group
Social Impacts,Community,Percentage of landowners in surveyed villages,83,percent,1,False,medium,Percentage of landowners indicates community engagement but lacks broader context.,percentage_of_landowners_in_surveyed_villages
Social Impacts,Community,Percentage of landowners who inherited land,20,percent,1,False,medium,Inheritance of land relates to community dynamics and social structure.,percentage_of_landowners_who_inherited_land
Social Impacts,Community,Percentage of farmers hiring tractors for cultivation,31,percent,1,False,medium,"This fact relates to agricultural practices and community engagement, but its impact is somewhat ambiguous.",percentage_of_farmers_hiring_tractors_for_cultivation
Social Impacts,Community,Percentage of Aubeon farmers planting wet rice,69,percent,1,False,medium,"This fact relates to agricultural practices within the community, indicating social engagement.",percentage_of_aubeon_farmers_planting_wet_rice
Social Impacts,Community,Percentage of farmers planting only one crop annually,88-90,percent,1,False,medium,This fact relates to agricultural practices affecting community livelihoods.,percentage_of_farmers_planting_only_one_crop_annually
Social Impacts,Community,Percentage of landowners selling crops,41,percent,1,False,medium,"This fact relates to community engagement and agricultural impact, but the context is somewhat ambiguous.",percentage_of_landowners_selling_crops
Social Impacts,Community,Percentage of farmers using slash-and-burn,16,percent,1,False,medium,This fact relates to agricultural practices affecting community dynamics.,percentage_of_farmers_using_slash_and_burn
Social Impacts,Community,Percentage of top crop planted: cassava,17,percent,1,False,medium,Percentage of a crop planted relates to community agricultural practices.,percentage_of_top_crop_planted_cassava
Social Impacts,Community,Percentage of landowners owning teak trees,58,percent,1,False,medium,Ownership of teak trees relates to community and land use impacts.,percentage_of_landowners_owning_teak_trees
Social Impacts,Community,Ethno-linguistic group of respondents,Tetun-Terik,,1,False,high,Ethno-linguistic group is relevant to community engagement and social context.,ethno_linguistic_group_of_respondents
Social Impacts,Community,Illiteracy rate among respondents,25,percent,1,False,medium,Illiteracy rate is a social indicator but lacks context for precise categorization.,illiteracy_rate_among_respondents
Social Impacts,Community,Rate of respondents with formal education,75,percent,1,False,medium,Education levels can impact community engagement and development.,rate_of_respondents_with_formal_education
Social Impacts,Community,Rate of respondents with primary schooling,33,percent,1,False,medium,Education levels relate to community social impacts but could fit in various contexts.,rate_of_respondents_with_primary_schooling
Social Impacts,Community,Rate of respondents with secondary school or higher,28,percent,1,False,medium,Education levels impact community development and social structure.,rate_of_respondents_with_secondary_school_or_higher
Social Impacts,Community,Year of agreements with community leaders,2013,year,1,False,medium,The year of agreements indicates community engagement but lacks detail on impact.,year_of_agreements_with_community_leaders
Social Impacts,Community,Project area includes fishing communities,fishing communities,,1,False,high,The fact pertains to the presence of communities affected by the project.,project_area_includes_fishing_communities
Social Impacts,Community,NGO involvement,Bega Valley Advocates for Timor-Leste,,1,False,medium,NGO involvement relates to community engagement but lacks specific impact details.,ngo_involvement
Social Impacts,Community,Local agricultural organization,Local Agricultural Organisation in the village of Uma-Boco,,1,False,high,The fact pertains to community engagement and local organization involvement.,local_agricultural_organization
Social Impacts,Community,School involved,Natarbora Agriculture Technical School,,1,False,high,Involvement of a school indicates community engagement.,school_involved
Social Impacts,Community,Issues of concern to Affected Communities,"recruitment and terms of employment, safety or comfort of residents, environmental impacts",,1,False,high,Concerns raised by affected communities directly relate to social impacts.,issues_of_concern_to_affected_communities
Social Impacts,Community,Population concentration in Dili,25,percent,1,False,medium,Population concentration relates to community dynamics but lacks specific context.,population_concentration_in_dili
Social Impacts,Community,Population percentage in Manatuto,2,percent,1,False,medium,Population percentage relates to community demographics but lacks specific context.,population_percentage_in_manatuto
Social Impacts,Community,Economic inequalities,Perceived economic inequalities,,1,False,medium,Economic inequalities relate to social dynamics within the community.,economic_inequalities
Social Impacts,Community,Targeted training initiatives,targeted training and capacity building initiatives,,1,False,medium,Training initiatives can enhance community capacity but are not strictly defined.,targeted_training_initiatives
Social Impacts,Community,Project impact on local communities,significant yet manageable,,1,False,medium,"The impact on local communities is a social consideration, but the description is vague.",project_impact_on_local_communities
Social Impacts,Community,Community Concern on Species,Local villagers expressed concern,,1,False,high,Community concerns directly relate to social impacts.,community_concern_on_species
Social Impacts,Community,Community Awareness of Job Opportunities,Awareness of potential job filling by outsiders,,1,False,medium,Community awareness of job opportunities relates to social impacts but lacks specific metrics.,community_awareness_of_job_opportunities
Social Impacts,Community,Gap in Community Understanding,Significant gap in understanding environmental impacts,,1,False,medium,The gap in understanding environmental impacts relates to community engagement and social awareness.,gap_in_community_understanding
Social Impacts,Community,Frequency of Community Consultations,Infrequent and limited consultations,,1,False,medium,Frequency of consultations relates to community engagement but lacks clarity on impact.,frequency_of_community_consultations
Social Impacts,Community,Distance to Clinic,3,kilometers,1,False,medium,Distance to healthcare facilities impacts community access and well-being.,distance_to_clinic
Social Impacts,Cultural,Cultural Environment Section,41,,1,False,high,Cultural environment is a key aspect of social impacts.,cultural_environment_section
Social Impacts,Cultural,Section 7.7 - Sociocultural Impacts,Sociocultural Impacts,,1,False,medium,Sociocultural impacts relate to social aspects but are somewhat ambiguous without specific details.,section_77_sociocultural_impacts
Social Impacts,Cultural,Cultural significance,Sacred sites and culturally significant areas,,1,False,high,Cultural significance directly relates to social impacts.,cultural_significance
Social Impacts,Cultural,Cultural dynamics importance,long-established knowledge of local cultural dynamics,,1,False,high,Cultural dynamics are a significant aspect of social impacts.,cultural_dynamics_importance
Social Impacts,Employment,Employment impact focus,"local employment, business development, macroeconomic effects",,1,False,medium,"Focus on local employment and business development indicates social impact, but macroeconomic effects add complexity.",employment_impact_focus
Social Impacts,Employment,Challenges for local residents,competition for project-related jobs,,1,False,medium,Challenges related to job competition affect local communities.,challenges_for_local_residents
Social Impacts,Employment,Employment opportunities for residents,Some residents may secure employment,,1,False,medium,The statement indicates potential employment but lacks specific quantifiable data.,employment_opportunities_for_residents
Social Impacts,Employment,Youthful labor force,"Large, youthful labor force",,1,False,medium,"Describes the demographic aspect of the labor force, relevant to social impacts.",youthful_labor_force
Social Impacts,Employment,Employment generation,local employment generation,,1,False,high,Employment generation is a key aspect of social impacts.,employment_generation
Social Impacts,Employment,Workforce requirement,larger workforce,,1,False,medium,"The requirement for a larger workforce indicates potential social impacts related to employment, but lacks specific numeric data.",workforce_requirement
Social Impacts,Employment,Job creation,job creation,,1,False,high,Job creation is a key indicator of social impact.,job_creation
Social Impacts,Resettlement,PAP,Project Affected People,,1,False,medium,Project Affected People indicates potential social impacts related to resettlement.,pap
Social Impacts,Resettlement,Percentage of landowners who obtained land from Indonesian government,17-29,percent,1,False,medium,This fact relates to land ownership and potential displacement issues.,percentage_of_landowners_who_obtained_land_from_indonesian_government
Social Impacts,Resettlement,Percentage of landowners who obtained land from Timor-Leste government,13-17,percent,1,False,medium,This fact relates to land ownership and potential resettlement issues.,percentage_of_landowners_who_obtained_land_from_timor_leste_government
Social Impacts,Resettlement,Road project,Manatuto- Laclubar-Natarbora Road Resettlement Plan,,1,False,high,The mention of a resettlement plan indicates a direct social impact related to the road project.,road_project
Economic Impacts,Infrastructure,Economy and Infrastructure Section,40,,1,False,medium,"The mention of ""Economy and Infrastructure Section"" suggests a focus on economic aspects, but lacks specificity.",economy_and_infrastructure_section
Economic Impacts,Investment,Section 8.7 - Enhancing Benefits,Enhancing Benefits,,1,False,medium,"The section title suggests a focus on maximizing economic benefits, but lacks specific context.",section_87_enhancing_benefits
Economic Impacts,Investment,Economic opportunities in Timor-Leste,substantial opportunities for economic and social progress,,1,False,medium,Describes potential economic benefits but lacks specific metrics.,economic_opportunities_in_timor_leste
Economic Impacts,Investment,Lifecycle cost reduction strategy,lower overall lifecycle costs,,1,False,medium,Lifecycle cost strategies relate to economic efficiency but lack specific metrics.,lifecycle_cost_reduction_strategy
Economic Impacts,Revenue,Economic modeling approaches used,input-output (I-O) multipliers and computable general equilibrium (CGE) modeling,,1,False,medium,Economic modeling approaches relate to economic analysis but are not directly tied to a specific revenue category.,economic_modeling_approaches_used
Economic Impacts,Revenue,Economic activity during construction,Increased economic activity,,1,False,medium,Increased economic activity relates to economic impacts but lacks specific metrics.,economic_activity_during_construction
Economic Impacts,Revenue,Economic activity stimulation,higher levels of economic activity,,1,False,medium,Economic activity stimulation suggests potential revenue impacts but lacks specific metrics.,economic_activity_stimulation
Economic Impacts,Revenue,GDP impact,boost national GDP,,1,False,medium,"The impact on GDP suggests economic benefits, but specifics are vague.",gdp_impact
Economic Impacts,Revenue,Economic Contribution of Species,Significant contribution to essential expenses,,1,False,medium,Economic contributions of species can relate to revenue generation but lack specific metrics.,economic_contribution_of_species
Health & Safety,Emergency,Distance from plant's office to nearest flare,1,km,1,False,medium,Distance to flare is relevant for safety considerations but lacks context.,distance_from_plants_office_to_nearest_flare
Health & Safety,Institutional,"Adoption of Environmental, Health, and Safety Guidelines",EHS Guidelines,,1,False,high,Adoption of guidelines is a key aspect of health and safety management.,adoption_of_environmental_health_and_safety_guidelines
Health & Safety,Occupational,Health and safety framework,IFC EHS Guidelines for Petroleum Refining,,1,False,high,Health and safety frameworks are critical for occupational safety standards.,health_and_safety_framework
Health & Safety,Occupational,Hazardous area classification standards,American Petroleum Institute Recommended Practice (API RP 500),,1,False,high,Hazardous area classification standards are critical for ensuring safety in occupational settings.,hazardous_area_classification_standards
Health & Safety,Occupational,Equipment certification standards,IEC 60079-11:2023,,1,False,medium,Certification standards relate to safety but context is limited.,equipment_certification_standards
Health & Safety,Occupational,WHO heat stress threshold,35,°C,1,False,high,Heat stress thresholds are critical for occupational health and safety assessments.,who_heat_stress_threshold
Health & Safety,Public Health,WHO,World Health Organization,,1,False,medium,WHO is relevant to health and safety but lacks specific context.,who
Governance & Management,Basic Info,Revision history submission date,17/01/2025,,2,False,medium,Submission dates are relevant for project documentation but lack specific context.,revision_history_submission_date
Governance & Management,Basic Info,Document distribution date,10/02/2025,,1,False,medium,Document distribution is relevant to project governance but lacks specific context.,document_distribution_date
Governance & Management,Engagement,Stakeholder Engagement Section,42,,1,False,high,Stakeholder engagement is a key aspect of governance and management.,stakeholder_engagement_section
Governance & Management,Engagement,Community Outreach and Information Disclosure Section,44,,1,False,medium,"This section relates to community engagement efforts, but the specific context is unclear.",community_outreach_and_information_disclosure_section
Governance & Management,Engagement,Consultation and Participation Section,45,,1,False,medium,Consultation and participation are related to stakeholder engagement but lack clarity on context.,consultation_and_participation_section
Governance & Management,Engagement,Stakeholder engagement strategy alignment,international infrastructure development standards,,1,False,medium,The alignment with international standards suggests a governance aspect but lacks specific context.,stakeholder_engagement_strategy_alignment
Governance & Management,Engagement,Stakeholder identification and mapping process,diverse range of stakeholders,,1,False,medium,Stakeholder mapping is related to governance but lacks specific details.,stakeholder_identification_and_mapping_process
Governance & Management,Engagement,Key stakeholders,"local residents, community leaders, governmental bodies, business entities",,1,False,high,Identifying key stakeholders is crucial for project engagement and governance.,key_stakeholders
Governance & Management,Engagement,Stakeholder mapping steps,"listing, grouping, evaluating, prioritizing",,1,False,medium,Stakeholder mapping is related to governance but lacks specific context.,stakeholder_mapping_steps
Governance & Management,Engagement,Stakeholder evaluation criteria,"level of influence, interest, potential impact",,1,False,medium,Stakeholder evaluation criteria relate to governance and engagement processes.,stakeholder_evaluation_criteria
Governance & Management,Engagement,Stakeholder prioritization method,grid with axes representing power/influence and interest,,1,False,medium,Stakeholder prioritization is part of engagement strategy but lacks specific context.,stakeholder_prioritization_method
Governance & Management,Engagement,Community engagement process,Two-way process,,1,False,medium,Describing the engagement process indicates governance but lacks specific details.,community_engagement_process
Governance & Management,Engagement,Reporting frequency to Affected Communities,annually,times per year,1,False,medium,Reporting frequency indicates engagement with affected communities but lacks detail on effectiveness.,reporting_frequency_to_affected_communities
Governance & Management,Engagement,Stakeholder engagement process cost,no cost,,1,False,medium,The cost of stakeholder engagement is relevant to governance but lacks clarity on its impact.,stakeholder_engagement_process_cost
Governance & Management,Engagement,Stakeholder engagement focus,Dialogue with community leaders,,1,False,high,Engagement with community leaders is a key aspect of stakeholder interaction.,stakeholder_engagement_focus
Governance & Management,Engagement,Grievance resolution,quick and equitable resolution,,1,False,medium,Grievance resolution relates to community engagement but lacks specific context.,grievance_resolution
Governance & Management,Engagement,Stakeholder Engagement Importance,Further community consultation essential,,1,False,medium,The importance of community consultation relates to stakeholder engagement practices.,stakeholder_engagement_importance
Governance & Management,Engagement,Project Information Dissemination,Project information largely among elites in Dili,,1,False,medium,Information dissemination among elites suggests governance issues in community engagement.,project_information_dissemination
Governance & Management,Engagement,Future Consultation Priorities,Prioritize capturing genuine attitudes and opinions,,1,False,medium,Consultation priorities relate to stakeholder engagement but lack specific context.,future_consultation_priorities
Governance & Management,Institutional,Confidentiality notification,Confidential,,1,False,medium,Confidentiality notifications relate to governance and management practices.,confidentiality_notification
Governance & Management,Institutional,JIS,Japanese Industrial Standards,,1,False,medium,"JIS relates to standards and regulations, fitting within governance but lacking specific context.",jis
Governance & Management,Institutional,NAEL,National Agency for Environmental License,,1,False,high,The National Agency for Environmental License is an institutional body relevant to governance.,nael
Governance & Management,Institutional,NGO,Non-Government Organization,,1,False,medium,"NGOs play a role in governance and institutional frameworks, but context is needed for clarity.",ngo
Governance & Management,Institutional,PANA,National Programme for Adaptation to Climate Changes,,1,False,medium,The National Programme for Adaptation to Climate Changes relates to institutional frameworks for climate adaptation.,pana
Governance & Management,Institutional,PS,Performance Standards,,1,False,medium,Performance Standards relate to governance frameworks but lack specific context.,ps
Governance & Management,Institutional,SEP,Stakeholder Engagement Plan,,1,False,high,A Stakeholder Engagement Plan is a key component of governance and management practices.,sep
Governance & Management,Institutional,TOR,Terms of Reference,,1,False,high,Terms of Reference are essential for governance and project management.,tor
Governance & Management,Institutional,Legal and Regulatory Framework Section,17,,1,False,medium,Legal frameworks are part of governance but context is limited.,legal_and_regulatory_framework_section
Governance & Management,Institutional,Grievance Redress Mechanism Section,45,,1,False,medium,The grievance redress mechanism relates to governance but lacks specific context.,grievance_redress_mechanism_section
Governance & Management,Institutional,Environmental Bureau Organization Chart,Organization Chart of Environment Bureau,,1,False,medium,The organization chart relates to governance structures but lacks specific context.,environmental_bureau_organization_chart
Governance & Management,Institutional,Environmental Licensing Procedure,Procedure for Environmental Licensing,,1,False,high,Environmental licensing is a key governance procedure.,environmental_licensing_procedure
Governance & Management,Institutional,Environmental Basic Law,Decree Law No. 26 of 2012,,1,False,high,The Environmental Basic Law pertains to governance and regulatory frameworks.,environmental_basic_law
Governance & Management,Institutional,Legal Authorization for Environmental Basic Legislation,Law No. 3 of 2012,,1,False,high,Legal authorization is a key aspect of governance and management.,legal_authorization_for_environmental_basic_legislation
Governance & Management,Institutional,Category A Projects requirement,Environmental Impact Statement and Environmental Management Plan,,1,False,high,Requirements for Category A projects pertain to governance and management protocols.,category_a_projects_requirement
Governance & Management,Institutional,Category B and C Projects requirement,Initial Environmental Examination and Environmental Management Plan,,1,False,medium,Requirements for environmental assessments relate to governance and management practices.,category_b_and_c_projects_requirement
Governance & Management,Institutional,Ministerial Decision No. 44/2017,Regulation on Impact and Benefits Agreement,,1,False,high,Regulation pertains to governance and management frameworks.,ministerial_decision_no_442017
Governance & Management,Institutional,Ministerial Decision No. 45 of 2017,Regulation on Statute and Rules of Procedure for Evaluation Committee,,1,False,high,The regulation pertains to governance and procedural frameworks.,ministerial_decision_no_45_of_2017
Governance & Management,Institutional,Ministerial Decision No. 46 of 2017,Regulation on Detailed Requirements for Screening,,1,False,high,Regulatory decisions are key governance documents.,ministerial_decision_no_46_of_2017
Governance & Management,Institutional,Ministerial Decision No. 47 of 2017,Regulation on Procedures for Public Consultation,,1,False,high,The regulation pertains to governance and public consultation procedures.,ministerial_decision_no_47_of_2017
Governance & Management,Institutional,Environmental Licensing System,Decree-Law No. 5/2011,,1,False,high,Environmental licensing is a key aspect of governance and regulatory framework.,environmental_licensing_system
Governance & Management,Institutional,National Environmental Licensing Agency,Agencia Nacional de Licensiamento Ambiental (ANLA),,1,False,high,The agency is a key institutional body for environmental licensing.,national_environmental_licensing_agency
Governance & Management,Institutional,Establishment of ANLA,Decree-Law No. 15/2019,,1,False,high,The establishment of a legal framework is a key aspect of governance.,establishment_of_anla
Governance & Management,Institutional,Maximum review period,50,days,1,False,medium,The review period relates to governance processes but lacks specific context.,maximum_review_period
Governance & Management,Institutional,Decree-Law No. for Urban Solid Waste Management System,2/2017,,1,False,high,Legal decrees are essential for governance and management frameworks.,decree_law_no_for_urban_solid_waste_management_system
Governance & Management,Institutional,Decree-Law No. for Biodiversity Protection and Conservation,6/2020,,1,False,high,The decree-law pertains to governance and legal frameworks for biodiversity.,decree_law_no_for_biodiversity_protection_and_conservation
Governance & Management,Institutional,Decree-Law No. for National Development Programme for Rural Villages,08/2013,,1,False,high,The decree-law pertains to governance and institutional frameworks for development.,decree_law_no_for_national_development_programme_for_rural_villages
Governance & Management,Institutional,Joint Ministerial Order No. for Regulation on Powers of Municipal Authorities,43/2017,,1,False,high,Regulatory orders pertain to governance and institutional frameworks.,joint_ministerial_order_no_for_regulation_on_powers_of_municipal_authorities
Governance & Management,Institutional,Adoption of International Finance Corporation Performance Standards,IFC Performance Standards,,1,False,high,Adoption of performance standards relates to governance and management practices.,adoption_of_international_finance_corporation_performance_standards
Governance & Management,Institutional,Grievance Resolution Mechanism,GRM,,1,False,medium,The Grievance Resolution Mechanism relates to governance but lacks specific context.,grievance_resolution_mechanism
Governance & Management,Institutional,Grievance Redress Mechanism (GRM) establishment,Grievance Redress Mechanism (GRM),,1,False,high,Establishing a GRM is a key aspect of governance and management practices.,grievance_redress_mechanism_grm_establishment
Governance & Management,Institutional,EITI compliance status,full EITI compliance,,1,False,high,EITI compliance is a key aspect of governance and management practices.,eiti_compliance_status
Governance & Management,Institutional,Reporting standards compliance,international reporting standards,,1,False,medium,Compliance with reporting standards relates to governance practices.,reporting_standards_compliance
Governance & Management,Institutional,Management measures focus,balanced development,,1,False,medium,Management focus indicates governance but lacks specific context.,management_measures_focus
Governance & Management,Monitoring,Duration of stakeholder engagement documentation,10,years,1,False,medium,Duration of documentation relates to governance but lacks clarity on specific engagement context.,duration_of_stakeholder_engagement_documentation
Governance & Management,Monitoring,Long-term management and monitoring program,ESMP,,1,False,high,A long-term management and monitoring program is essential for governance and oversight.,long_term_management_and_monitoring_program
Risks & Issues,Identified Risks,Section 7.8 - Cumulative and Residual Impacts,Cumulative and Residual Impacts,,1,False,medium,Cumulative and residual impacts relate to potential risks associated with the project.,section_78_cumulative_and_residual_impacts
Risks & Issues,Identified Risks,Section 7.10 - Impacts of Environment on Project,Impacts of Environment on Project,,1,False,medium,"The section title suggests potential environmental risks to the project, but lacks specific details.",section_710_impacts_of_environment_on_project
Risks & Issues,Identified Risks,Section 8.6 - Residual and Cumulative Impact Management,Residual and Cumulative Impact Management,,1,False,medium,Residual and cumulative impacts relate to potential risks from the project.,section_86_residual_and_cumulative_impact_management
Risks & Issues,Identified Risks,Wildfire Occurrences source,FIRMS,,1,False,medium,Wildfire occurrences are a potential risk factor for projects.,wildfire_occurrences_source
Risks & Issues,Identified Risks,Landslide source,World Bank - The Global Landslide Hazard Map 2020,,1,False,high,Landslide sources are critical risk factors in project assessments.,landslide_source
Risks & Issues,Identified Risks,Number of cyclones within 100 km,8,,1,False,medium,Cyclones pose a potential risk to project operations and safety.,number_of_cyclones_within_100_km
Risks & Issues,Identified Risks,Cyclone frequency trend,increased slightly but consistently,,1,False,medium,Cyclone frequency trends indicate potential environmental risks.,cyclone_frequency_trend
Risks & Issues,Identified Risks,Peak wildfire occurrences,October,,1,False,medium,Wildfire occurrences are a potential risk factor for projects.,peak_wildfire_occurrences
Risks & Issues,Identified Risks,Cumulative impact analysis,Better understanding of associated developments,,1,False,medium,Cumulative impact analysis relates to understanding potential risks from multiple developments.,cumulative_impact_analysis
Risks & Issues,Identified Risks,Coastal flooding risk,high-risk,,1,False,high,Coastal flooding risk is a clear identified risk for the project.,coastal_flooding_risk
Risks & Issues,Identified Risks,Climate Change Risk Assessment integration,Project Climate Change Risk Assessment,,1,False,high,Integration of climate change risk assessment is crucial for identifying potential project risks.,climate_change_risk_assessment_integration
Risks & Issues,Identified Risks,Residual impacts,potential disruptions to local community livelihoods,,1,False,medium,Residual impacts on community livelihoods indicate potential risks.,residual_impacts
Risks & Issues,Identified Risks,Construction interdependency,essential,,1,False,medium,Interdependencies can pose risks during construction phases.,construction_interdependency
Risks & Issues,Identified Risks,Construction phase challenge,significant disruptive challenge,,1,False,medium,Describes a challenge that could impact project execution.,construction_phase_challenge
Risks & Issues,Identified Risks,Project alternatives considered,"no action option, technology alternatives, siting alternatives",,1,False,medium,Considering project alternatives is related to assessing risks and impacts.,project_alternatives_considered
Risks & Issues,Uncertainties,Cyclone tracks data period,1900 - present,,1,False,medium,Cyclone data period indicates potential uncertainties related to climate risks.,cyclone_tracks_data_period
Risks & Issues,Uncertainties,Assessment Coverage,Preliminary ESIA does not cover LNG or Seaport,,1,False,medium,Coverage gaps in assessments indicate potential risks and uncertainties.,assessment_coverage
Risks & Issues,Uncertainties,Period of moderate to severe drought,Mid-1960s,,1,False,medium,Drought periods can pose risks and uncertainties for project viability.,period_of_moderate_to_severe_drought
Risks & Issues,Uncertainties,Extremely wet period,Early 1970s,,1,False,medium,The reference to a historical wet period suggests potential uncertainties related to environmental conditions.,extremely_wet_period
Risks & Issues,Uncertainties,Increased variability after 2000,Increased variability,,1,False,medium,Increased variability suggests potential uncertainties in project outcomes.,increased_variability_after_2000
Risks & Issues,Uncertainties,Projected sea level rise by 2100,more than 1,meter,1,False,medium,Projected sea level rise presents potential risks but lacks specific context.,projected_sea_level_rise_by_2100
Risks & Issues,Uncertainties,Increased rainfall intensity,expected,,1,False,medium,Increased rainfall intensity presents potential environmental uncertainties.,increased_rainfall_intensity
Risks & Issues,Uncertainties,Importance of further environmental studies,significant,,1,False,medium,The significance of further studies indicates potential uncertainties in environmental assessments.,importance_of_further_environmental_studies
Risks & Issues,Uncertainties,Intensive Field Research Requirement,Intensive field research required,,1,False,medium,The requirement for intensive field research suggests potential uncertainties in project assessment.,intensive_field_research_requirement
